"Mutation (GRCh38)"	"Protein Position"	"Samples"	"Samples (%)"	"Consequence"	"Driver"	"Driver score"
"12:25245350:C>T"	"12"	"132"	"10.3"	"missense_variant"	"Driver"	"1"
"12:25245350:C>A"	"12"	"117"	"9.13"	"missense_variant"	"Driver"	"1"
"12:25245347:C>T"	"13"	"75"	"5.85"	"missense_variant"	"Driver"	"1"
"12:25245351:C>A"	"12"	"51"	"3.98"	"missense_variant"	"Driver"	"1"
"12:25245350:C>G"	"12"	"29"	"2.26"	"missense_variant"	"Driver"	"1"
"12:25245351:C>T"	"12"	"27"	"2.11"	"missense_variant"	"Driver"	"1"
"12:25225628:C>T"	"146"	"24"	"1.87"	"missense_variant"	"Driver"	"1"
"12:25227341:T>G"	"61"	"9"	"0.7"	"missense_variant"	"Driver"	"1"
"12:25225627:G>A"	"146"	"6"	"0.47"	"missense_variant"	"Driver"	"0.87"
"12:25225713:T>A"	"117"	"6"	"0.47"	"missense_variant"	"Driver"	"0.99"
"12:25245348:C>A"	"13"	"5"	"0.39"	"missense_variant"	"Driver"	"1"
"12:25227341:T>A"	"61"	"4"	"0.31"	"missense_variant"	"Driver"	"1"
"12:25227342:T>A"	"61"	"4"	"0.31"	"missense_variant"	"Driver"	"1"
"12:25227342:T>C"	"61"	"4"	"0.31"	"missense_variant"	"Driver"	"1"
"12:25245351:C>G"	"12"	"3"	"0.23"	"missense_variant"	"Driver"	"1"
"12:25245328:C>A"	"19"	"2"	"0.16"	"missense_variant"	"Driver"	"0.96"
"12:25227312:T>C"	"71"	"1"	"0.08"	"missense_variant"	"Passenger"	"0"
"12:25227320:C>A"	"68"	"1"	"0.08"	"missense_variant"	"Passenger"	"0.01"
"12:25227342:T>G"	"61"	"1"	"0.08"	"missense_variant"	"Driver"	"1"
"12:25227343:G>C"	"61"	"1"	"0.08"	"missense_variant"	"Driver"	"1"
"12:25227343:G>T"	"61"	"1"	"0.08"	"missense_variant"	"Driver"	"1"
"12:25227344:A>G"	"60"	"1"	"0.08"	"synonymous_variant"	"Passenger"	"0"
"12:25227345:C>T"	"60"	"1"	"0.08"	"missense_variant"	"Driver"	"1"
"12:25227348:G>T"	"59"	"1"	"0.08"	"missense_variant"	"Driver"	"1"
"12:25245268:A>G"	"-"	"1"	"0.08"	"splice_region_variant"	"Not assessed"	""
"12:25245280:T>G"	"35"	"1"	"0.08"	"synonymous_variant"	"Passenger"	"0"
"12:25245284:G>A"	"34"	"1"	"0.08"	"missense_variant"	"Driver"	"0.88"
"12:25245284:G>C"	"34"	"1"	"0.08"	"missense_variant"	"Driver"	"0.88"
"12:25245317:A>C"	"23"	"1"	"0.08"	"missense_variant"	"Passenger"	"0"
"12:25245321:G>T"	"22"	"1"	"0.08"	"missense_variant"	"Passenger"	"0.08"
"12:25245328:C>G"	"19"	"1"	"0.08"	"missense_variant"	"Driver"	"0.96"
"12:25245345:C>T"	"14"	"1"	"0.08"	"missense_variant"	"Driver"	"1"