"Study of Origin","Sample ID","Cancer Type","Cancer Type Detailed","Protein Change","Annotation","Functional Impact","Mutation Type","Variant Type","Copy #","COSMIC","MS","VS","Center","Chromosome","Start Pos","End Pos","Ref","Var","HGVSg","HGVSc","Allele Freq (T)","Allele Freq (N)","Variant Reads","Ref Reads","Variant Reads (Normal)","Ref Reads (Normal)","# Mut in Sample","Exon","gnomAD","ClinVar","dbSNP","SIGNAL","Diagnosis Age","Age at Which Sequencing was Reported (Years)","Patient Current Age","Anti-integrin (Yes/No)","Archer Panel","Bone FSM","Bone Time Interval","Brain FSM","Classification of primary site","CRDB_BASIC_COMMENTS","CRDB_CONSENT_DATE_DAYS","CRDB_OFF_STUDY_DAYS","CRDB_SURVEY_COMMENTS","CRDB_SURVIVAL_STATUS","CRDB_TREATMENT_END_DAYS","Impact TMB Percentile (Across All Tumor Types)","Impact TMB Score","Impact TMB Percentile (Within Tumor Type)","Cytotoxic Treatment","Date added to cBioPortal","Differentiation","Duration of IBD at diagnosis (=<10yrs, 11-20yrs, >20yrs)","Duration of IBD at diagnosis (<10yrs or >/=10yrs)","Error Percent","Ethnicity Category","First Site of Mets","Fraction Genome Altered","Gene Panel","Gyn FSM","IBD","IBD Status At Diagnosis","Institute Source","Interval From Last Colonoscopy to CAC Dx","Liver FSM","Liver Time Interval","LNs FSM","Low Tumor Content","Lung FSM","Lung Time Interval","Median Coverage","Metastatic Site","Month added to cBioPortal","MSI Comment","MSI Score","MSI Type","MSK Slide ID","Oncotree Code","Overall Survival (Months)","Overall Survival Status","Other FSM","Other Patient ID","PAO FSM","12-245 Part A Consented","12-245 Part C Consented","Pathology of Normal Mucosa","MSK Pathology Slide Available","Pediatric Case Indicator","Pelvis FSM","Pipeline Version","Presentation","Primary Histology","Primary Tumor Site","Race Category","Radadjuvant","Religion","Resectable","Relapse Free Status (Months)","Relapse Free Status","Salicylates","Number of Samples Per Patient","Sample coverage","Sample Type","Sex","Somatic Status","SO comments","Special Histology","Specimen Preservation Type","Stage at Diagnosis","Steroids (Yes/No)","Tissue Sequenced","TMB (nonsynonymous)","TNF (Yes/No)","Tumor Purity","Patient's Vital Status","Vital Status Code","Week added to cBioPortal","CIMP Category","MSI Status","Percent Necrosis","Tumor Grade","Tumor Site","Tumor Stage","Diagnosis","Tissue Source Site","tumor content","Tumor Type","Follow up time months","Resection timing","Tumor Size","Tumor treated","Genome Doubled","Sample Class","American Joint Committee on Cancer Metastasis Stage Code","Neoplasm Disease Lymph Node Stage American Joint Committee on Cancer Code","Neoplasm Disease Stage American Joint Committee on Cancer Code","American Joint Committee on Cancer Publication Version Type","American Joint Committee on Cancer Tumor Stage Code","BRAF Gene Analysis Indicator","BRAF Gene Analysis Result","Neoplasm American Joint Committee on Cancer Clinical Group Stage","Neoplasm American Joint Committee on Cancer Clinical Distant Metastasis M Stage","Neoplasm American Joint Committee on Cancer Clinical Regional Lymph Node N Stage","Neoplasm American Joint Committee on Cancer Clinical Primary Tumor T Stage","Days to Sample Collection.","Last Alive Less Initial Pathologic Diagnosis Date Calculated Day Value","days_to_patient_progression_free","Days to Sample Procurement","days_to_tumor_progression","Disease Free (Months)","Disease Free Status","Disease code","Lymphomatous Extranodal Site Involvement Indicator","Form completion date","Patient Height","Neoplasm Histologic Type Name","Neoadjuvant Therapy Type Administered Prior To Resection Text","Prior Cancer Diagnosis Occurence","ICD-10 Classification","International Classification of Diseases for Oncology, Third Edition ICD-O-3 Histology Code","International Classification of Diseases for Oncology, Third Edition ICD-O-3 Site Code","Informed consent verified","Initial pathologic diagnosis method","Year Cancer Initial Diagnosis","Is FFPE","Kras gene analysis indicator","KRAS Mutation","Longest Dimension","Lymphovascular invasion indicator","Primary Lymph Node Presentation Assessment Ind-3","Positive Finding Lymph Node Hematoxylin and Eosin Staining Microscopy Count","Positive Finding Lymph Node Keratin Immunohistochemistry Staining Method Count","Lymph Node(s) Examined Number","First Pathologic Diagnosis Biospecimen Acquisition Method Type","New Neoplasm Event Post Initial Therapy Indicator","Oct embedded","Specimen Collection Method","Other Sample ID","Pathology Report File Name","Pathology report uuid","Perineural Invasion","Adjuvant Postoperative Pharmaceutical Therapy Administered Indicator","Patient Primary Tumor Site","Project code","Tissue Prospective Collection Indicator","Did patient start adjuvant postoperative radiotherapy?","Surgical Margin Resection Status","Tissue Retrospective Collection Indicator","Sample Initial Weight","Sample type id","Shortest Dimension","Tumor Tissue Site","Specimen Current Weight","Specimen Freezing Means","Specimen Second Longest Dimension","Stage Other","Time between clamping and freezing","Time between excision and freezing","Primary Therapy Outcome Success Type","Person Neoplasm Status","Vascular invasion indicator","Vial number","Patient Weight","Aneuploidy Score","Buffa Hypoxia Score","TCGA PanCanAtlas Cancer Type Acronym","Last Communication Contact from Initial Pathologic Diagnosis Date","Birth from Initial Pathologic Diagnosis Date","Months of disease-specific survival","Disease-specific Survival status","Neoplasm Histologic Grade","In PanCan Pathway Analysis","MSI MANTIS Score","MSIsensor Score","American Joint Committee on Cancer Metastasis Stage Code.1","Neoplasm Disease Lymph Node Stage American Joint Committee on Cancer Code.1","American Joint Committee on Cancer Tumor Stage Code.1","Person Neoplasm Cancer Status","Progress Free Survival (Months)","Progression Free Status","Primary Lymph Node Presentation Assessment","Prior Diagnosis","Radiation Therapy","Ragnum Hypoxia Score","Subtype","Tissue Prospective Collection Indicator.1","Tissue Retrospective Collection Indicator.1","Tissue Source Site Code","Tumor Disease Anatomic Site","Winter Hypoxia Score","Copy Number","Gene Expression Subtype","Tumor Other Histologic Subtype","Hyper-mutated","iCluster","Methylation Status","Methylation Subtype","MLH1 Silencing","MRNA Data","Primary Tumor Pathologic Spread","Sequenced","Tumor Stage 2009","Histological Type","Matched Normal ID","Nonsynonymous Mutation Count","Source of Sample Site","Stage","Histology","Integrated Phenotype","MicroRNA Data","Mutation Phenotype","Mutation Rate","Pathology N Stage","Pathology Status","Pathology T Stage","Phosphoprotein","History of Polyps","Polyps Currently Present.","Protein","Specimen Preservation Method","Age at Metastases","APC Groups","Carcinomatosis","ECOG","First line treatment at Met","LST","Bone Metastasis","Liver Metastasis","Lung Metastasis","Metastasis Other","Prior Adjuvant Chemo","Surgery Primary Tumor","Timing Mets","Tumor Location","Used in Genomic Analysis","Age at Diagnosis","Driver1 Allelic Imbalance","Driver1 CCF","Driver1 Cellular Fraction","Driver1 Clonal Call","Driver1 Expected Mutant Copies","Driver1 Facets Ploidy Call","Driver1 LCN","Driver1 Mutation","Driver1 TCN","Driver2 Allelic Imbalance","Driver2 CCF","Driver2 Cellular Fraction","Driver2 Clonal Call","Driver2 Expected Mutant Copies","Driver2 Facets Ploidy Call","Driver2 LCN","Driver2 Mutation","Driver2 TCN","Genomic QC","Group","Highest Level OncoKB","Metastatic Status","Metastasis at Diagnosis","Survival Status","WGD","Chemo Exposure of sequenced specimen","mCRC Type","Metastasectomy","Metastasectomy Site","Metastases Site First: Bone","Metastases Site First: Brain","Metastases Site First: Gynecological","Metastases Site First: Liver","Metastases Site First: Ln","Metastases Site First: Lung","Metastases Site First: Pelvis","Metastases Site First: Peritoneum, omentum, abdomen","Metastatic Biopsy Site","Molecular Subtype","OS Months (Additonal Data)","Other Metastasis Sites","Patient Tumor Grade","Primary Tumor Location","Specimen Type","Time from Met Dx to Sequencing","TIme to Metastasis Months","Tumor Sample Histology","Initial Stage","MSI Prediction Score","Tumor Differentiation","Age at derivation","Age at Which Sequencing was Reported (Days)","Therapy Prior to derivation","Tissue Site","Tissue site of derivation","Adjuvant Chemo Regimen","Adjuvant Chemotherapy","Adjuvant Cycles Number","APC Group","Initial BMI Class","BMI Delta Days","BMI Delta Value","cCR","Clinical LN positive","CMS","CRT chemo agent","DFS months from neo","DFS status from neo","DFS monthts from surgery","Distal Recurrence","Distance From AV (cm)","Distant mets site","Em Flags","Exclude.from.DFS..1.exclude.","With Facets","Facets FGA","Final BMI Class","Final BMI (Numeric)","Fraction CNA","Fraction Genome Altered Reported","Fraction LOH","Has Any DNA","Has MSK IMPACT","Has RNASeq","Has WES","HRD LOH","Hypodiploid","IGO Project","Initial BMI (Numeric)","Interstitial Ai Mean Size","Interstitial LOH Mean Size","LARC CRT outcome cases DFS","LARC CRT outcome cases Response","Local Recurrence","LOH Chromosomes","MSI Somatic Sites","MSI Total Sites","Mutation Count 341","Mutation Rate 341","Ncentromeric AI","Ncentromeric LOH","Neoadjuvant Treatment Details","Neoadj Chemo agent","Neoadj Chemo Cycles","Interstitial AI","Interstitial  LOH","Normals Use","Ntelomeric AI","Ntelomeric Size AI","Ntelomeric LOH","Number of Mutations","Overall Survival from surgery","Overall Survival Neo","Overall Survival Status.1","Pathological Tumor Response","Group0 Patients","Group1 Patients","Group2 Patients","Group3 Patients","Group4 Patients","Group5 Patients","Group6 Patients","pCR","PostCRT Pathological LN","PostCRT Pathologic.Nstage.ypN.","PostCRT Pathologic.Tstage.ypT.","PostCRT TNM Stage.ypTNM.","PreCRT AJCC classification","PreCRT Clinical Mstage","PreCRT Clinical N-Stage","PreCRT Clinical Tstage","Purity","Radiation Dose, Pelvic nodes, Primary tumor","Rectal Location","Recurrence","Response - pCR OR cCR","Response - pCR OR cCR.1","RNA Sequenced","Sample Display Name","SNP Count","Study","Surgery Type","Telomeric LOH Mean Size","Time from neo to surgery","TMB","Total Cycles Number (Neoadjuvant, Adjuvant)","TRG AJCC","TRG groups","Tumor Size (cm)","Tumor Size (groups)","Use for DFS","Use for Response 2year","Use in Outcome Analysis","Year Nat Start","Year Nat Start (groups)","PatientID","aaNumber"
"Colorectal Adenocarcinoma (TCGA, Firehose Legacy)","TCGA-AA-A00N-01","Colorectal Cancer","Mucinous Adenocarcinoma of the Colon and Rectum","G13D","OncoKB: Oncogenic, level_4, level_r1;reVUE: no;CIViC: Predictive: 34;MyCancerGenome: present;CancerHotspot: yes;3DHotspot: yes","MutationAssessor: impact: medium, score: 3.025;SIFT: impact: deleterious, score: 0.04;Polyphen-2: impact: benign, score: 0.44","Missense_Mutation","SNP","Diploid",4452,"Somatic","Valid","broad.mit.edu",12,25398281,25398281,"C","T","12:g.25398281C>T","ENST00000311936.3:c.38G>A",NA,NA,NA,NA,NA,NA,3504,"2/5",NA,"Pathogenic",NA,NA,75,NA,NA,NA,"",NA,NA,NA,"",NA,NA,NA,NA,"",NA,NA,NA,NA,NA,"","",NA,"",NA,"","",7e-04,"",NA,"","","","",NA,NA,NA,NA,NA,NA,NA,"","","",NA,"",NA,"MACR",4.01,"1:DECEASED",NA,"e457344d-76fb-46bf-b362-61a6e811d131",NA,"","","","","",NA,NA,"","","","",NA,"","",NA,NA,NA,1,NA,"Primary","Male","Matched","","","","",NA,"",123.633333333,NA,NA,"",NA,"","","",NA,"","","","","",NA,"",NA,"",NA,"",NA,"","M0","N0","Stage IIB","6th","T4","NO",NA,NA,NA,NA,NA,599,0,NA,NA,NA,NA,"",NA,NA,"6/15/11",NA,"Colon Mucinous Adenocarcinoma","No","No","C18.0","8480/3","C18.0","YES",NA,2008,"NO","NO","",NA,"YES","YES",0,NA,21,NA,"",FALSE,NA,"d52f3d05-1850-473e-8e1e-ab2b4f88af2a","TCGA-AA-A00N.8A14A987-711E-49C0-AA34-2F035B02CD8A.pdf","8A14A987-711E-49C0-AA34-2F035B02CD8A",NA,NA,"Cecum",NA,"NO",NA,"R0","YES",380,1,NA,"Colon",NA,NA,NA,NA,NA,NA,NA,"WITH TUMOR","NO","A",NA,NA,NA,"",NA,NA,NA,"",NA,"",NA,NA,"","","","",NA,"","","","",NA,"","","","","",NA,NA,"","",NA,"",NA,"",NA,NA,"",NA,"","","",NA,"","","","",NA,"",NA,"","","",NA,"","",NA,"",NA,"","",NA,"",NA,"","","","","","","","","",NA,"",NA,NA,"",NA,"",NA,"",NA,"",NA,NA,"",NA,"",NA,"",NA,"","","","","","",NA,"","",NA,"",NA,NA,NA,NA,NA,NA,NA,NA,"","",NA,NA,"","","",NA,NA,"","",NA,"",NA,NA,"","","","",NA,NA,"","",NA,NA,NA,"","","",NA,"",NA,NA,NA,"",NA,NA,NA,NA,"",NA,NA,NA,NA,NA,NA,NA,NA,NA,NA,"",NA,NA,NA,NA,NA,NA,"",NA,NA,NA,NA,NA,NA,"","","",NA,NA,"",NA,NA,NA,NA,NA,NA,"",NA,NA,NA,NA,NA,NA,NA,NA,NA,NA,"","",NA,NA,"","","",NA,"","",NA,NA,NA,"","",NA,"","",NA,NA,NA,NA,NA,"",NA,"",NA,NA,NA,NA,"","TCGA-AA-A00N",13
"Metastatic Colorectal Cancer (MSK, Cancer Cell 2018)","P-0005824-T01-IM5","Colorectal Cancer","Colorectal Adenocarcinoma","G13D","OncoKB: Oncogenic, level_4, level_r1;reVUE: no;CIViC: Predictive: 34;MyCancerGenome: present;CancerHotspot: yes;3DHotspot: yes","MutationAssessor: impact: medium, score: 3.025;SIFT: impact: deleterious, score: 0.04;Polyphen-2: impact: benign, score: 0.44","Missense_Mutation","SNP","Diploid",4452,"SOMATIC","Unknown","MSKCC",12,25398281,25398281,"C","T","12:g.25398281C>T","ENST00000311936.3:c.38G>A",0.2,0.0026,161,664,1,388,348,"2/5",NA,"Pathogenic",NA,NA,NA,NA,NA,NA,"",NA,NA,NA,"",NA,NA,NA,NA,"",NA,NA,NA,NA,NA,"","",NA,"",NA,"","",0.0516,"IMPACT410",NA,"","","","",NA,NA,NA,NA,NA,NA,NA,"","","",0.67,"",NA,"COADREAD",NA,"0:LIVING",NA,"",NA,"","","","","",NA,NA,"","","Rectum","",NA,"","",NA,NA,NA,1,NA,"Primary","Male","Matched","","","","",NA,"",339.615735072,NA,NA,"Living",NA,"","","MSS",NA,"","","","","",NA,"",NA,"",NA,"",NA,"","","","","","","",NA,NA,NA,NA,NA,NA,NA,NA,NA,NA,NA,"",NA,NA,"",NA,"","","","","","","",NA,NA,"","","",NA,"","",NA,NA,NA,NA,"",NA,NA,"","","",NA,NA,"",NA,"",NA,"","",NA,NA,NA,"",NA,NA,NA,NA,NA,NA,NA,"","","",NA,NA,NA,"",NA,NA,NA,"",NA,"",NA,NA,"","","","",NA,"","","","",NA,"","","","","",NA,NA,"","",NA,"",NA,"",NA,NA,"",NA,"","","",NA,"","","","",NA,"",NA,"","","",NA,"","",NA,"",NA,"","",NA,"",NA,"","","","","","","","","",24,"",NA,NA,"",NA,"",NA,"",NA,"",NA,NA,"",NA,"",NA,"",NA,"","","","","","",NA,"No","Early Stage Primary",0,"",0,0,0,0,0,0,0,0,"","POLE",26.87,0,"Poorly-Diff","Left","Resection",NA,NA,"PDC","",NA,"",NA,NA,"","","","",NA,NA,"","",NA,NA,NA,"","","",NA,"",NA,NA,NA,"",NA,NA,NA,NA,"",NA,NA,NA,NA,NA,NA,NA,NA,NA,NA,"",NA,NA,NA,NA,NA,NA,"",NA,NA,NA,NA,NA,NA,"","","",NA,NA,"",NA,NA,NA,NA,NA,NA,"",NA,NA,NA,NA,NA,NA,NA,NA,NA,NA,"","",NA,NA,"","","",NA,"","",NA,NA,NA,"","",NA,"","",NA,NA,NA,NA,NA,"",NA,"",NA,NA,NA,NA,"","P-0005824",13
"Metastatic Colorectal Cancer (MSK, Cancer Cell 2018)","P-0007590-T01-IM5","Colorectal Cancer","Colorectal Adenocarcinoma","G12S","OncoKB: Oncogenic, level_4, level_r1;reVUE: no;CIViC: Predictive: 32, Diagnostic: 1;MyCancerGenome: present;CancerHotspot: yes;3DHotspot: yes","MutationAssessor: impact: neutral, score: 0.17;SIFT: impact: deleterious, score: 0.03;Polyphen-2: impact: possibly_damaging, score: 0.582","Missense_Mutation","SNP","Diploid",25876,"SOMATIC","Unknown","MSKCC",12,25398285,25398285,"C","T","12:g.25398285C>T","ENST00000311936.3:c.34G>A",0.15,NA,89,521,NA,355,9,"2/5",NA,"Pathogenic",NA,NA,NA,NA,NA,NA,"",NA,NA,NA,"",NA,NA,NA,NA,"",NA,NA,NA,NA,NA,"","",NA,"",NA,"","Liver",0.0609,"IMPACT410",NA,"","","","",NA,NA,NA,NA,NA,NA,NA,"","","",0,"",NA,"COADREAD",69.1,"1:DECEASED",NA,"",NA,"","","","","",NA,NA,"","","Rectum","",NA,"","",NA,NA,NA,1,NA,"Metastasis","Male","Matched","","","","",NA,"",8.80847727853,NA,NA,"Deceased",NA,"","","",NA,"","","","","",NA,"",NA,"",NA,"",NA,"","","","","","","",NA,NA,NA,NA,NA,NA,NA,NA,NA,NA,NA,"",NA,NA,"",NA,"","","","","","","",NA,NA,"","","",NA,"","",NA,NA,NA,NA,"",NA,NA,"","","",NA,NA,"",NA,"",NA,"","",NA,NA,NA,"",NA,NA,NA,NA,NA,NA,NA,"","","",NA,NA,NA,"",NA,NA,NA,"",NA,"",NA,NA,"","","","",NA,"","","","",NA,"","","","","",NA,NA,"","",NA,"",NA,"",NA,NA,"",NA,"","","",NA,"","","","",NA,"",NA,"","","",NA,"","",NA,"",NA,"","",NA,"",NA,"","","","","","","","","",58,"",NA,NA,"",NA,"",NA,"",NA,"",NA,NA,"",NA,"",NA,"",NA,"","","","","","",NA,"Yes","mCRC Metastasis",1,"Liver",0,0,0,1,0,0,0,0,"Liver","MSI Status",NA,0,"Mod_Diff","Left","Biopsy",63.36666667,0,"Conventional","",NA,"",NA,NA,"","","","",NA,NA,"","",NA,NA,NA,"","","",NA,"",NA,NA,NA,"",NA,NA,NA,NA,"",NA,NA,NA,NA,NA,NA,NA,NA,NA,NA,"",NA,NA,NA,NA,NA,NA,"",NA,NA,NA,NA,NA,NA,"","","",NA,NA,"",NA,NA,NA,NA,NA,NA,"",NA,NA,NA,NA,NA,NA,NA,NA,NA,NA,"","",NA,NA,"","","",NA,"","",NA,NA,NA,"","",NA,"","",NA,NA,NA,NA,NA,"",NA,"",NA,NA,NA,NA,"","P-0007590",12
"Colorectal Cancer (MSK, JCO Precis Oncol 2022)","P-0048215-T01-IM6","Colorectal Cancer","Rectal Adenocarcinoma","G13D","OncoKB: Oncogenic, level_4, level_r1;reVUE: no;CIViC: Predictive: 34;MyCancerGenome: present;CancerHotspot: yes;3DHotspot: yes","MutationAssessor: impact: medium, score: 3.025;SIFT: impact: deleterious, score: 0.04;Polyphen-2: impact: benign, score: 0.44","Missense_Mutation","SNP","Diploid",4452,"SOMATIC","Unknown","MSKCC",12,25398281,25398281,"C","T","12:g.25398281C>T","ENST00000311936.3:c.38G>A",0.11,NA,68,555,NA,413,472,"2/5",NA,"Pathogenic",NA,NA,NA,NA,NA,NA,"",NA,NA,NA,"",NA,NA,NA,NA,"",NA,NA,415.2,NA,NA,"","",NA,"",NA,"","",0.0184,"",NA,"","","","",NA,NA,NA,NA,NA,NA,NA,"","","",0.06,"Stable",NA,"READ",NA,"",NA,"",NA,"","","","","",NA,NA,"","","Rectum","",NA,"","",NA,NA,NA,1,723,"Primary","Male","","","","","4",NA,"",NA,NA,30,"",NA,"","","",NA,"","","","","",NA,"",NA,"",NA,"",NA,"","","","","","","",NA,NA,NA,NA,NA,NA,NA,NA,NA,NA,NA,"",NA,NA,"",NA,"","","","","","","",NA,NA,"","","",NA,"","",NA,NA,NA,NA,"",NA,NA,"","","",NA,NA,"",NA,"",NA,"","",NA,NA,NA,"",NA,NA,NA,NA,NA,NA,NA,"","","",NA,NA,NA,"",NA,NA,NA,"",NA,"",NA,NA,"","","","",NA,"","","","",NA,"","","","","",NA,NA,"","",NA,"",NA,"",NA,NA,"",NA,"","","",NA,"","","","",NA,"",NA,"","","",NA,"","",NA,"",NA,"","",NA,"",NA,"","","","","","","","Distal","",50,"No",0.97,1,"Clonal",0.97,"DIPLOID",1,"KRAS p.A59T",2,"No",0.5,1,"Subclonal",NA,"DIPLOID",1,"KRAS p.G13D",2,"PASS","Clonal-Subclonal","LEVEL_3B","Yes","Yes","Alive",FALSE,"","",NA,"",NA,NA,NA,NA,NA,NA,NA,NA,"","",NA,NA,"","","",NA,NA,"","",NA,"",NA,NA,"","","","",NA,NA,"","",NA,NA,NA,"","","",NA,"",NA,NA,NA,"",NA,NA,NA,NA,"",NA,NA,NA,NA,NA,NA,NA,NA,NA,NA,"",NA,NA,NA,NA,NA,NA,"",NA,NA,NA,NA,NA,NA,"","","",NA,NA,"",NA,NA,NA,NA,NA,NA,"",NA,NA,NA,NA,NA,NA,NA,NA,NA,NA,"","",NA,NA,"","","",NA,"","",NA,NA,NA,"","",NA,"","",NA,NA,NA,NA,NA,"",NA,"",NA,NA,NA,NA,"","P-0048215",13
"Colon Cancer (CPTAC-2 Prospective, Cell 2019)","11CO070","Colorectal Cancer","Colon Adenocarcinoma","G13D","OncoKB: Oncogenic, level_4, level_r1;reVUE: no;CIViC: Predictive: 34;MyCancerGenome: present;CancerHotspot: yes;3DHotspot: yes","MutationAssessor: impact: medium, score: 3.025;SIFT: impact: deleterious, score: 0.04;Polyphen-2: impact: benign, score: 0.44","Missense_Mutation","SNP","Diploid",4452,NA,NA,NA,12,25398281,25398281,"C","T","12:g.25398281C>T","ENST00000311936.3:c.38G>A",NA,NA,NA,NA,NA,NA,9478,"2/5",NA,"Pathogenic",NA,NA,35,NA,NA,NA,"",NA,NA,NA,"",NA,NA,NA,NA,"",NA,NA,NA,NA,NA,"","",NA,"",NA,"","",0.0581,"",NA,"","","","",NA,NA,NA,NA,NA,NA,NA,"","","",NA,"",NA,"COAD",31,"0:LIVING",NA,"",NA,"","","","","",NA,NA,"","","Sigmoid Colon","",NA,"","",NA,NA,NA,1,NA,"","Male","Matched","","","","",NA,"",315,NA,NA,"",NA,"","","",NA,"","Sigmoid Colon","","","",NA,"",NA,"",NA,"",NA,"","","","","","","",NA,NA,NA,NA,NA,NA,NA,NA,NA,NA,31,"0:DiseaseFree",NA,NA,"",NA,"","","","","","","",NA,NA,"","","",NA,"","",NA,NA,NA,NA,"",NA,NA,"","","",NA,NA,"",NA,"",NA,"","",NA,NA,NA,"",NA,NA,NA,NA,NA,NA,NA,"","","",NA,NA,NA,"",NA,NA,NA,"",NA,"",NA,NA,"","","","",NA,"","","","",NA,"","","","","",NA,1,"","",NA,"",0,"",NA,1,"",1,"","","",NA,"","Stage III","Not Mucinous","EMT",1,"",462.2667,"N1b","Malignant","T3",1,"No","No",1,"Frozen Tissue",NA,"","",NA,"",NA,"","","","","","","","","",NA,"",NA,NA,"",NA,"",NA,"",NA,"",NA,NA,"",NA,"",NA,"",NA,"","","","","","",NA,"","",NA,"",NA,NA,NA,NA,NA,NA,NA,NA,"","",NA,NA,"","","",NA,NA,"","",NA,"",NA,NA,"","","","",NA,NA,"","",NA,NA,NA,"","","",NA,"",NA,NA,NA,"",NA,NA,NA,NA,"",NA,NA,NA,NA,NA,NA,NA,NA,NA,NA,"",NA,NA,NA,NA,NA,NA,"",NA,NA,NA,NA,NA,NA,"","","",NA,NA,"",NA,NA,NA,NA,NA,NA,"",NA,NA,NA,NA,NA,NA,NA,NA,NA,NA,"","",NA,NA,"","","",NA,"","",NA,NA,NA,"","",NA,"","",NA,NA,NA,NA,NA,"",NA,"",NA,NA,NA,NA,"","11CO070",13
"Colorectal Adenocarcinoma (TCGA, PanCancer Atlas)","TCGA-AA-A00N-01","Colorectal Cancer","Mucinous Adenocarcinoma of the Colon and Rectum","G13D","OncoKB: Oncogenic, level_4, level_r1;reVUE: no;CIViC: Predictive: 34;MyCancerGenome: present;CancerHotspot: yes;3DHotspot: yes","MutationAssessor: impact: medium, score: 3.025;SIFT: impact: deleterious, score: 0.04;Polyphen-2: impact: benign, score: 0.44","Missense_Mutation","SNP","Diploid",4452,".",".",".",12,25398281,25398281,"C","T","12:g.25398281C>T","ENST00000311936.3:c.38G>A",0.17,NA,39,190,NA,328,4875,"2/5",NA,"Pathogenic",NA,NA,75,NA,NA,NA,"",NA,NA,NA,"",NA,NA,NA,NA,"",NA,NA,NA,NA,NA,"","",NA,"",NA,"","",7e-04,"",NA,"","","","",NA,NA,NA,NA,NA,NA,NA,"","","",NA,"",NA,"MACR",4.010914949,"1:DECEASED",NA,"e457344d-76fb-46bf-b362-61a6e811d131",NA,"","","","","",NA,NA,"","","","",NA,"","",NA,NA,NA,1,NA,"Primary","Male","Matched","","","","",NA,"",163.3,NA,NA,"",NA,"","","",NA,"","","","","UNC",NA,"Colon Adenocarcinoma, Mucinous Type",NA,"",NA,"",NA,"","","","STAGE IIB","6TH","","",NA,NA,NA,NA,NA,NA,0,NA,NA,NA,NA,"",NA,NA,"6/15/11",NA,"","No","","C18.0","8480/3","C18.0","Yes",NA,NA,"","","",NA,"","",NA,NA,NA,NA,"",NA,NA,"","","",NA,NA,"",NA,"",NA,"","",NA,NA,NA,"",NA,NA,NA,NA,NA,NA,NA,"","","",NA,0,NA,"COAD",NA,-27667,4.010914949,"1:DEAD WITH TUMOR",NA,"No",0.3279,32.47,"M0","N0","T4","With Tumor",4.010914949,"1:PROGRESSION","Yes","No","",NA,"","No","Yes","AA","Colon",NA,NA,"","",NA,"",NA,"",NA,NA,"",NA,"","","",NA,"","","","",NA,"",NA,"","","",NA,"","",NA,"",NA,"","",NA,"",NA,"","","","","","","","","",NA,"",NA,NA,"",NA,"",NA,"",NA,"",NA,NA,"",NA,"",NA,"",NA,"","","","","","",NA,"","",NA,"",NA,NA,NA,NA,NA,NA,NA,NA,"","",NA,NA,"","","",NA,NA,"","",NA,"",NA,NA,"","","","",NA,NA,"","",NA,NA,NA,"","","",NA,"",NA,NA,NA,"",NA,NA,NA,NA,"",NA,NA,NA,NA,NA,NA,NA,NA,NA,NA,"",NA,NA,NA,NA,NA,NA,"",NA,NA,NA,NA,NA,NA,"","","",NA,NA,"",NA,NA,NA,NA,NA,NA,"",NA,NA,NA,NA,NA,NA,NA,NA,NA,NA,"","",NA,NA,"","","",NA,"","",NA,NA,NA,"","",NA,"","",NA,NA,NA,NA,NA,"",NA,"",NA,NA,NA,NA,"","TCGA-AA-A00N",13
"Rectal Cancer (MSK,Nature Medicine 2019)","P-0005824-T01-IM5","Colorectal Cancer","Rectal Adenocarcinoma","G13D","OncoKB: Oncogenic, level_4, level_r1;reVUE: no;CIViC: Predictive: 34;MyCancerGenome: present;CancerHotspot: yes;3DHotspot: yes","MutationAssessor: impact: medium, score: 3.025;SIFT: impact: deleterious, score: 0.04;Polyphen-2: impact: benign, score: 0.44","Missense_Mutation","SNP","Diploid",4452,"SOMATIC","Unknown","MSKCC",12,25398281,25398281,"C","T","12:g.25398281C>T","ENST00000311936.3:c.38G>A",0.2,0.0026,161,664,1,388,348,"2/5",NA,"Pathogenic",NA,NA,NA,NA,NA,NA,"NO",NA,NA,NA,"",NA,NA,NA,NA,"",NA,NA,NA,NA,NA,"","",NA,"",NA,"","",0.0516,"IMPACT410",NA,"","","MSKCC","",NA,NA,NA,NA,NA,NA,NA,"","","",0.67,"Stable",NA,"READ",NA,"",NA,"",NA,"","","","NO","",NA,NA,"","","Rectum","",NA,"","",NA,NA,NA,1,964,"Primary","Male","Matched","","","","",NA,"",340.5944548,NA,60,"",NA,"","","",NA,"","","","","",NA,"",NA,"",NA,"",NA,"Tumor","","","","","","",NA,NA,NA,NA,NA,NA,NA,NA,NA,NA,NA,"",NA,NA,"",NA,"","","","","","","",NA,NA,"","","",NA,"","",NA,NA,NA,NA,"",NA,NA,"","","",NA,NA,"",NA,"",NA,"","",NA,NA,NA,"",NA,NA,NA,NA,NA,NA,NA,"","","",NA,NA,NA,"",NA,NA,NA,"",NA,"",NA,NA,"","","","",NA,"","","","",NA,"","","","","",NA,NA,"","",NA,"",NA,"",NA,NA,"",NA,"","","",NA,"","","","",NA,"",NA,"","","",NA,"","",NA,"",NA,"","",NA,"",NA,"","","","","","","","","",NA,"",NA,NA,"",NA,"",NA,"",NA,"",NA,NA,"",NA,"",NA,"",NA,"","","","","","",NA,"","",NA,"",NA,NA,NA,NA,NA,NA,NA,NA,"","",NA,NA,"","","",NA,NA,"","",NA,"",NA,24,"","","Rectum","",NA,NA,"","",NA,NA,NA,"","","",NA,"",NA,NA,NA,"",NA,NA,NA,NA,"",NA,NA,NA,NA,NA,NA,NA,NA,NA,NA,"",NA,NA,NA,NA,NA,NA,"",NA,NA,NA,NA,NA,NA,"","","",NA,NA,"",NA,NA,NA,NA,NA,NA,"",NA,NA,NA,NA,NA,NA,NA,NA,NA,NA,"","",NA,NA,"","","",NA,"","",NA,NA,NA,"","",NA,"","",NA,NA,NA,NA,NA,"",NA,"",NA,NA,NA,NA,"","P-0005824",13
"Rectal Cancer (MSK,Nature Medicine 2019)","P-0007590-T01-IM5","Colorectal Cancer","Rectal Adenocarcinoma","G12S","OncoKB: Oncogenic, level_4, level_r1;reVUE: no;CIViC: Predictive: 32, Diagnostic: 1;MyCancerGenome: present;CancerHotspot: yes;3DHotspot: yes","MutationAssessor: impact: neutral, score: 0.17;SIFT: impact: deleterious, score: 0.03;Polyphen-2: impact: possibly_damaging, score: 0.582","Missense_Mutation","SNP","Diploid",25876,"SOMATIC","Unknown","MSKCC",12,25398285,25398285,"C","T","12:g.25398285C>T","ENST00000311936.3:c.34G>A",0.15,NA,89,521,NA,355,9,"2/5",NA,"Pathogenic",NA,NA,NA,NA,NA,NA,"NO",NA,NA,NA,"",NA,NA,NA,NA,"",NA,NA,NA,NA,NA,"","",NA,"",NA,"","",0.0609,"IMPACT410",NA,"","","MSKCC","",NA,NA,NA,NA,NA,NA,NA,"Liver","","MICROSATELLITE STABLE (MSS). See MSI note below.",0,"Stable",NA,"READ",NA,"",NA,"",NA,"","","","NO","",NA,NA,"","","Rectum","",NA,"","",NA,NA,NA,1,669,"Metastasis","Male","Matched","","","","",NA,"",8.808477279,NA,NA,"",NA,"","","",NA,"","","","","",NA,"",NA,"",NA,"",NA,"Tumor","","","","","","",NA,NA,NA,NA,NA,NA,NA,NA,NA,NA,NA,"",NA,NA,"",NA,"","","","","","","",NA,NA,"","","",NA,"","",NA,NA,NA,NA,"",NA,NA,"","","",NA,NA,"",NA,"",NA,"","",NA,NA,NA,"",NA,NA,NA,NA,NA,NA,NA,"","","",NA,NA,NA,"",NA,NA,NA,"",NA,"",NA,NA,"","","","",NA,"","","","",NA,"","","","","",NA,NA,"","",NA,"",NA,"",NA,NA,"",NA,"","","",NA,"","","","",NA,"",NA,"","","",NA,"","",NA,"",NA,"","",NA,"",NA,"","","","","","","","","",NA,"",NA,NA,"",NA,"",NA,"",NA,"",NA,NA,"",NA,"",NA,"",NA,"","","","","","",NA,"","",NA,"",NA,NA,NA,NA,NA,NA,NA,NA,"","",NA,NA,"","","",NA,NA,"","",NA,"",NA,64,"","","Rectum","",NA,NA,"","",NA,NA,NA,"","","",NA,"",NA,NA,NA,"",NA,NA,NA,NA,"",NA,NA,NA,NA,NA,NA,NA,NA,NA,NA,"",NA,NA,NA,NA,NA,NA,"",NA,NA,NA,NA,NA,NA,"","","",NA,NA,"",NA,NA,NA,NA,NA,NA,"",NA,NA,NA,NA,NA,NA,NA,NA,NA,NA,"","",NA,NA,"","","",NA,"","",NA,NA,NA,"","",NA,"","",NA,NA,NA,NA,NA,"",NA,"",NA,NA,NA,NA,"","P-0007590",12
"Rectal Cancer (MSK, Nature Medicine 2022)","P-0035742-T01-IM6","Colorectal Cancer","Rectal Adenocarcinoma","G13D","OncoKB: Oncogenic, level_4, level_r1;reVUE: no;CIViC: Predictive: 34;MyCancerGenome: present;CancerHotspot: yes;3DHotspot: yes","MutationAssessor: impact: medium, score: 3.025;SIFT: impact: deleterious, score: 0.04;Polyphen-2: impact: benign, score: 0.44","Missense_Mutation","SNP","Diploid",4452,"SOMATIC","Unknown","MSKCC",12,25398281,25398281,"C","T","12:g.25398281C>T","ENST00000311936.3:c.38G>A",0.05,NA,28,589,NA,570,24,"2/5",NA,"Pathogenic",NA,NA,31,NA,NA,NA,"",NA,NA,NA,"",NA,NA,NA,NA,"",NA,NA,NA,NA,NA,"","",NA,"",NA,"Non-Hispanic","",0,"IMPACT468",NA,"","","","",NA,NA,NA,NA,NA,NA,NA,"","","",0,"",NA,"READ",NA,"",NA,"",NA,"","","","","",NA,NA,"","","","Asian",NA,"","",NA,NA,NA,1,NA,"","Male","","","","","",NA,"",NA,NA,NA,"",NA,"","","",NA,"","","","","",NA,"",NA,"",NA,"",NA,"","","","","","","",NA,NA,NA,NA,NA,NA,NA,NA,NA,NA,NA,"",NA,NA,"",NA,"","","","","","","",NA,NA,"","","",NA,"","",NA,NA,NA,NA,"",NA,NA,"","","",NA,NA,"",NA,"",NA,"","",NA,NA,NA,"",NA,NA,NA,NA,NA,NA,NA,"","","",NA,NA,NA,"",NA,NA,NA,"",NA,"",NA,NA,"","","","",NA,"","","","",NA,"","","","","",NA,NA,"","",NA,"",NA,"",NA,NA,"",NA,"","","",NA,"","","","",NA,"",NA,"","","",NA,"","",NA,"",NA,"","",NA,"",NA,"","","","","","","","","",NA,"",NA,NA,"",NA,"",NA,"",NA,"",NA,NA,"",NA,"",NA,"",NA,"","","","","","",NA,"","",NA,"",NA,NA,NA,NA,NA,NA,NA,NA,"","MSS",NA,NA,"","","",NA,NA,"","",NA,"",NA,NA,"","","","",NA,NA,"C","",NA,NA,1,"1","","Capecitabine",37.31097962,"0:DiseaseFree",NA,0,8.4,"",NA,0,1,NA,"",NA,NA,0,NA,1,1,0,0,NA,NA,"",NA,NA,NA,1,1,0,"",NA,NA,24,21.06515981,NA,NA,"Induction_CRT","FOLFOX","8",NA,NA,"Blood",NA,NA,NA,NA,NA,37.31097962,"0:LIVING",NA,1,1,0,1,1,0,0,NA,NA,"","",NA,3,"0","N+","3b",NA,"5400","Upper(>8)",0,1,1,"No","",NA,"MSK-C","NOM",NA,NA,21.06515981,NA,0,"0",3.7,"<4",1,1,1,2018,"2018","P-0035742",13
"Rectal Cancer (MSK, Nature Medicine 2022)","P-0048215-T01-IM6","Colorectal Cancer","Rectal Adenocarcinoma","G13D","OncoKB: Oncogenic, level_4, level_r1;reVUE: no;CIViC: Predictive: 34;MyCancerGenome: present;CancerHotspot: yes;3DHotspot: yes","MutationAssessor: impact: medium, score: 3.025;SIFT: impact: deleterious, score: 0.04;Polyphen-2: impact: benign, score: 0.44","Missense_Mutation","SNP","Diploid",4452,"SOMATIC","Unknown","MSKCC",12,25398281,25398281,"C","T","12:g.25398281C>T","ENST00000311936.3:c.38G>A",0.11,NA,68,555,NA,413,472,"2/5",NA,"Pathogenic",NA,NA,50,NA,NA,NA,"",NA,NA,NA,"",NA,NA,NA,NA,"",NA,NA,NA,NA,NA,"","",NA,"",NA,"NOS Hispanic","",0.0184,"IMPACT468",NA,"","","","",NA,NA,NA,NA,NA,NA,NA,"","","",0.06,"",NA,"READ",NA,"",NA,"",NA,"","","","","",NA,NA,"","","","White",NA,"","",NA,NA,NA,1,NA,"","Male","","","","","",NA,"",NA,NA,NA,"",NA,"","","",NA,"","","","","",NA,"",NA,"",NA,"",NA,"","","","","","","",NA,NA,NA,NA,NA,NA,NA,NA,NA,NA,NA,"",NA,NA,"",NA,"","","","","","","",NA,NA,"","","",NA,"","",NA,NA,NA,NA,"",NA,NA,"","","",NA,NA,"",NA,"",NA,"","",NA,NA,NA,"",NA,NA,NA,NA,NA,NA,NA,"","","",NA,NA,NA,"",NA,NA,NA,"",NA,"",NA,NA,"","","","",NA,"","","","",NA,"","","","","",NA,NA,"","",NA,"",NA,"",NA,NA,"",NA,"","","",NA,"","","","",NA,"",NA,"","","",NA,"","",NA,"",NA,"","",NA,"",NA,"","","","","","","","","",NA,"",NA,NA,"",NA,"",NA,"",NA,"",NA,NA,"",NA,"",NA,"",NA,"","","","","","",FALSE,"","",NA,"",NA,NA,NA,NA,NA,NA,NA,NA,"","POLE",NA,NA,"","","",NA,NA,"","",NA,"",NA,NA,"","","","",NA,NA,"C","",NA,NA,NA,"1","","",NA,"",NA,NA,4.4,"",NA,NA,1,0.2,"",NA,NA,0.0184,NA,1,1,0,0,NA,NA,"",NA,NA,NA,NA,NA,NA,"",NA,NA,472,415.2,NA,NA,"","","",NA,NA,"Blood",NA,NA,NA,NA,NA,NA,"",NA,1,1,0,0,0,0,0,NA,NA,"","",NA,3,"0","+","4",0.14,"","Lower(<4)",NA,NA,NA,"","",NA,"MSK-C","",NA,NA,NA,NA,NA,"",7,"4_to_8",0,0,0,NA,"","P-0048215",13
"Colorectal Adenocarcinoma (TCGA, Nature 2012)","TCGA-AA-A00N-01","Colorectal Cancer","Colorectal Adenocarcinoma","G13D","OncoKB: Oncogenic, level_4, level_r1;reVUE: no;CIViC: Predictive: 34;MyCancerGenome: present;CancerHotspot: yes;3DHotspot: yes","MutationAssessor: impact: medium, score: 3.025;SIFT: impact: deleterious, score: 0.04;Polyphen-2: impact: benign, score: 0.44","Missense_Mutation","SNP","Diploid",4452,"Somatic","Valid","broad.mit.edu",12,25398281,25398281,"C","T","12:g.25398281C>T","ENST00000311936.3:c.38G>A",NA,NA,NA,NA,NA,NA,3503,"2/5",NA,"Pathogenic",NA,NA,NA,NA,NA,NA,"",NA,NA,NA,"",NA,NA,NA,NA,"",NA,NA,NA,NA,NA,"","",NA,"",NA,"","",7e-04,"",NA,"","","","",NA,NA,NA,NA,NA,NA,NA,"","","",NA,"",NA,"COADREAD",4.01,"1:DECEASED",NA,"",NA,"","","","","",NA,NA,"","","1 - right colon","",NA,"","",NA,NA,NA,1,NA,"Primary","Male","Matched","","","","",NA,"",123.6333333,NA,NA,"",NA,"","","MSI-L",NA,"","","","","",NA,"",NA,"",NA,"",NA,"","","","","","","",NA,NA,NA,NA,NA,NA,NA,NA,NA,NA,NA,"",NA,NA,"",NA,"","","","","","","",NA,NA,"","","",NA,"","",NA,NA,NA,NA,"",NA,NA,"","","",NA,NA,"",NA,"",NA,"","",NA,NA,NA,"",NA,NA,NA,NA,NA,NA,NA,"","","",NA,NA,NA,"",NA,NA,NA,"",NA,"",NA,NA,"","","","",NA,"","","","",NA,"","","","","",NA,1,"MSI/CIMP","Cecum",1,"2a",1,"Cluster4",0,1,"",1,"Stage IIB","","",NA,"","","","",NA,"",NA,"","","",NA,"","",NA,"",NA,"","",NA,"",NA,"","","","","","","","","",NA,"",NA,NA,"",NA,"",NA,"",NA,"",NA,NA,"",NA,"",NA,"",NA,"","","","","","",NA,"","",NA,"",NA,NA,NA,NA,NA,NA,NA,NA,"","",NA,NA,"","","",NA,NA,"","",NA,"",NA,NA,"","","","",NA,NA,"","",NA,NA,NA,"","","",NA,"",NA,NA,NA,"",NA,NA,NA,NA,"",NA,NA,NA,NA,NA,NA,NA,NA,NA,NA,"",NA,NA,NA,NA,NA,NA,"",NA,NA,NA,NA,NA,NA,"","","",NA,NA,"",NA,NA,NA,NA,NA,NA,"",NA,NA,NA,NA,NA,NA,NA,NA,NA,NA,"","",NA,NA,"","","",NA,"","",NA,NA,NA,"","",NA,"","",NA,NA,NA,NA,NA,"",NA,"",NA,NA,NA,NA,"","TCGA-AA-A00N",13
"Colorectal Adenocarcinoma (DFCI, Cell Reports 2016)","coadread_dfci_2016_578","Colorectal Cancer","Colorectal Adenocarcinoma","A146T","OncoKB: Oncogenic, level_4, level_r1;reVUE: no;CIViC: Functional: 1, Predictive: 8, Predisposing: 1;MyCancerGenome: present;CancerHotspot: yes;3DHotspot: no","MutationAssessor: impact: medium, score: 3.28;SIFT: impact: deleterious, score: 0.03;Polyphen-2: impact: possibly_damaging, score: 0.844","Missense_Mutation","SNP","",140,NA,NA,"dfci.harvard.edu",12,25378562,25378562,"C","T","12:g.25378562C>T","ENST00000311936.3:c.436G>A",NA,NA,NA,NA,NA,NA,3911,"4/5",NA,"Uncertain_significance",NA,NA,61,NA,NA,NA,"",NA,NA,NA,"",NA,NA,NA,NA,"",NA,NA,NA,NA,NA,"","",NA,"",NA,"","",NA,"",NA,"","","","",NA,NA,NA,NA,NA,NA,NA,"","","",NA,"",NA,"COADREAD",NA,"",NA,"",NA,"","","","","",NA,NA,"","","","",NA,"","",NA,NA,NA,1,NA,"","Male","Matched","","","","",NA,"",130.5666667,NA,NA,"",NA,"","CIMP-0/low","MSS",10,"Well-Moderate","Cecum","II","","",NA,"",NA,"",NA,"",NA,"","","","","","","",NA,NA,NA,NA,NA,NA,NA,NA,NA,NA,NA,"",NA,NA,"",NA,"","","","","","","",NA,NA,"","","",NA,"","",NA,NA,NA,NA,"",NA,NA,"","","",NA,NA,"",NA,"",NA,"","",NA,NA,NA,"",NA,NA,NA,NA,NA,NA,NA,"","","",NA,NA,NA,"",NA,NA,NA,"",NA,"",NA,NA,"","","","",NA,"","","","",NA,"","","","","",NA,NA,"","",NA,"",NA,"",NA,NA,"",NA,"","","",NA,"","","","",NA,"",NA,"","","",NA,"","",NA,"",NA,"","",NA,"",NA,"","","","","","","","","",NA,"",NA,NA,"",NA,"",NA,"",NA,"",NA,NA,"",NA,"",NA,"",NA,"","","","","","",NA,"","",NA,"",NA,NA,NA,NA,NA,NA,NA,NA,"","",NA,NA,"","","",NA,NA,"","",NA,"",NA,NA,"","","","",NA,NA,"","",NA,NA,NA,"","","",NA,"",NA,NA,NA,"",NA,NA,NA,NA,"",NA,NA,NA,NA,NA,NA,NA,NA,NA,NA,"",NA,NA,NA,NA,NA,NA,"",NA,NA,NA,NA,NA,NA,"","","",NA,NA,"",NA,NA,NA,NA,NA,NA,"",NA,NA,NA,NA,NA,NA,NA,NA,NA,NA,"","",NA,NA,"","","",NA,"","",NA,NA,NA,"","",NA,"","",NA,NA,NA,NA,NA,"",NA,"",NA,NA,NA,NA,"","coadread_dfci_2016_578",146
"Colorectal Adenocarcinoma (TCGA, Firehose Legacy)","TCGA-AA-3555-01","Colorectal Cancer","Mucinous Adenocarcinoma of the Colon and Rectum","A146T","OncoKB: Oncogenic, level_4, level_r1;reVUE: no;CIViC: Functional: 1, Predictive: 8, Predisposing: 1;MyCancerGenome: present;CancerHotspot: yes;3DHotspot: no","MutationAssessor: impact: medium, score: 3.28;SIFT: impact: deleterious, score: 0.03;Polyphen-2: impact: possibly_damaging, score: 0.844","Missense_Mutation","SNP","Diploid",140,"Somatic","Unknown","hgsc.bcm.edu",12,25378562,25378562,"C","T","12:g.25378562C>T","ENST00000311936.3:c.436G>A",NA,NA,NA,NA,NA,NA,740,"4/5",NA,"Uncertain_significance",NA,NA,81,NA,NA,NA,"",NA,NA,NA,"",NA,NA,NA,NA,"",NA,NA,NA,NA,NA,"","",NA,"",NA,"","",4e-04,"",NA,"","","","",NA,NA,NA,NA,NA,NA,NA,"","","",NA,"",NA,"MACR",29.93,"0:LIVING",NA,"36eaf209-c332-4321-b6aa-51a3368ecd79",NA,"","","","","",NA,NA,"","","","",NA,"","",NA,NA,NA,1,NA,"Primary","Female","Matched","","","","",NA,"",24.7,NA,NA,"",NA,"","","",NA,"","","","","",NA,"",NA,"",NA,"",NA,"","M0","N0","Stage IIA","6th","T3","NO",NA,NA,NA,NA,NA,NA,0,NA,NA,NA,2.99,"1:Recurred/Progressed",NA,NA,"5/18/10",NA,"Colon Mucinous Adenocarcinoma","No","No","C18.9","8140/3","C18.9","YES",NA,2008,"NO","NO","",1.3,"NO","YES",0,NA,26,NA,"",NA,NA,"9f9961f0-4ee2-4471-ae4a-a0122d630a28","TCGA-AA-3555.bcb3b665-0cfc-4d89-99fa-750d897e15d8.pdf","bcb3b665-0cfc-4d89-99fa-750d897e15d8",NA,NA,"Hepatic Flexure",NA,"NO",NA,"R0","YES",NA,1,0.4,"Colon",NA,NA,1,NA,NA,NA,NA,"WITH TUMOR","NO","A",NA,NA,NA,"",NA,NA,NA,"",NA,"",NA,NA,"","","","",NA,"","","","",NA,"","","","","",NA,NA,"","",NA,"",NA,"",NA,NA,"",NA,"","","",NA,"","","","",NA,"",NA,"","","",NA,"","",NA,"",NA,"","",NA,"",NA,"","","","","","","","","",NA,"",NA,NA,"",NA,"",NA,"",NA,"",NA,NA,"",NA,"",NA,"",NA,"","","","","","",NA,"","",NA,"",NA,NA,NA,NA,NA,NA,NA,NA,"","",NA,NA,"","","",NA,NA,"","",NA,"",NA,NA,"","","","",NA,NA,"","",NA,NA,NA,"","","",NA,"",NA,NA,NA,"",NA,NA,NA,NA,"",NA,NA,NA,NA,NA,NA,NA,NA,NA,NA,"",NA,NA,NA,NA,NA,NA,"",NA,NA,NA,NA,NA,NA,"","","",NA,NA,"",NA,NA,NA,NA,NA,NA,"",NA,NA,NA,NA,NA,NA,NA,NA,NA,NA,"","",NA,NA,"","","",NA,"","",NA,NA,NA,"","",NA,"","",NA,NA,NA,NA,NA,"",NA,"",NA,NA,NA,NA,"","TCGA-AA-3555",146
"Colorectal Adenocarcinoma (TCGA, Firehose Legacy)","TCGA-AA-3977-01","Colorectal Cancer","Colon Adenocarcinoma","K117N","OncoKB: Oncogenic, level_4, level_r1;reVUE: no;CIViC: Predictive: 1;MyCancerGenome: present;CancerHotspot: yes;3DHotspot: no","MutationAssessor: impact: high, score: 4.71;SIFT: impact: deleterious, score: 0.01;Polyphen-2: impact: probably_damaging, score: 0.994","Missense_Mutation","SNP","Diploid",16,"Somatic","Valid","broad.mit.edu",12,25378647,25378647,"T","G","12:g.25378647T>G","ENST00000311936.3:c.351A>C",NA,NA,NA,NA,NA,NA,2919,"4/5",NA,"Pathogenic",NA,NA,65,NA,NA,NA,"",NA,NA,NA,"",NA,NA,NA,NA,"",NA,NA,NA,NA,NA,"","",NA,"",NA,"","",8e-04,"",NA,"","","","",NA,NA,NA,NA,NA,NA,NA,"","","",NA,"",NA,"COAD",25,"0:LIVING",NA,"33e989b9-fac4-47d8-b429-269044ac772a",NA,"","","","","",NA,NA,"","","","",NA,"","",NA,NA,NA,1,NA,"Primary","Male","Matched","","","","",NA,"",97.9,NA,NA,"",NA,"","","",NA,"","","","","",NA,"",NA,"",NA,"",NA,"","","N0","","6th","T2","NO",NA,NA,NA,NA,NA,NA,0,NA,NA,NA,25,"0:DiseaseFree",NA,NA,"5/18/10",NA,"Colon Adenocarcinoma","No","No","C18.7","8140/3","C18.7","YES",NA,2009,"NO","NO","",0.4,"NO","YES",0,NA,15,NA,"",NA,NA,"56dd63cb-cf0a-48c3-bccc-c5094f8d8ac0","TCGA-AA-3977.0af2b6cb-f718-4d12-b444-2feb4730ea27.pdf","0af2b6cb-f718-4d12-b444-2feb4730ea27",NA,NA,"Sigmoid Colon",NA,"NO",NA,"","YES",NA,1,0.2,"Colon",NA,NA,0.3,NA,NA,NA,NA,"WITH TUMOR","NO","A",NA,NA,NA,"",NA,NA,NA,"",NA,"",NA,NA,"","","","",NA,"","","","",NA,"","","","","",NA,NA,"","",NA,"",NA,"",NA,NA,"",NA,"","","",NA,"","","","",NA,"",NA,"","","",NA,"","",NA,"",NA,"","",NA,"",NA,"","","","","","","","","",NA,"",NA,NA,"",NA,"",NA,"",NA,"",NA,NA,"",NA,"",NA,"",NA,"","","","","","",NA,"","",NA,"",NA,NA,NA,NA,NA,NA,NA,NA,"","",NA,NA,"","","",NA,NA,"","",NA,"",NA,NA,"","","","",NA,NA,"","",NA,NA,NA,"","","",NA,"",NA,NA,NA,"",NA,NA,NA,NA,"",NA,NA,NA,NA,NA,NA,NA,NA,NA,NA,"",NA,NA,NA,NA,NA,NA,"",NA,NA,NA,NA,NA,NA,"","","",NA,NA,"",NA,NA,NA,NA,NA,NA,"",NA,NA,NA,NA,NA,NA,NA,NA,NA,NA,"","",NA,NA,"","","",NA,"","",NA,NA,NA,"","",NA,"","",NA,NA,NA,NA,NA,"",NA,"",NA,NA,NA,NA,"","TCGA-AA-3977",117
"Metastatic Colorectal Cancer (MSK, Cancer Cell 2018)","P-0001808-T01-IM3","Colorectal Cancer","Colorectal Adenocarcinoma","A146T","OncoKB: Oncogenic, level_4, level_r1;reVUE: no;CIViC: Functional: 1, Predictive: 8, Predisposing: 1;MyCancerGenome: present;CancerHotspot: yes;3DHotspot: no","MutationAssessor: impact: medium, score: 3.28;SIFT: impact: deleterious, score: 0.03;Polyphen-2: impact: possibly_damaging, score: 0.844","Missense_Mutation","SNP","Diploid",140,"SOMATIC","Unknown","MSKCC",12,25378562,25378562,"C","T","12:g.25378562C>T","ENST00000311936.3:c.436G>A",0.13,NA,155,1043,NA,320,160,"4/5",NA,"Uncertain_significance",NA,NA,NA,NA,NA,NA,"",NA,NA,NA,"",NA,NA,NA,NA,"",NA,NA,NA,NA,NA,"","",NA,"",NA,"","Lymph Nodes",0.0259,"IMPACT341",NA,"","","","",NA,NA,NA,NA,NA,NA,NA,"","","",0,"",NA,"COADREAD",56.47,"0:LIVING",NA,"",NA,"","","","","",NA,NA,"","","Cecum","",NA,"","",NA,NA,NA,1,NA,"Metastasis","Male","Matched","","","","",NA,"",176.355692795,NA,NA,"Living",NA,"","","MSS",NA,"","","","","",NA,"",NA,"",NA,"",NA,"","","","","","","",NA,NA,NA,NA,NA,NA,NA,NA,NA,NA,NA,"",NA,NA,"",NA,"","","","","","","",NA,NA,"","","",NA,"","",NA,NA,NA,NA,"",NA,NA,"","","",NA,NA,"",NA,"",NA,"","",NA,NA,NA,"",NA,NA,NA,NA,NA,NA,NA,"","","",NA,NA,NA,"",NA,NA,NA,"",NA,"",NA,NA,"","","","",NA,"","","","",NA,"","","","","",NA,NA,"","",NA,"",NA,"",NA,NA,"",NA,"","","",NA,"","","","",NA,"",NA,"","","",NA,"","",NA,"",NA,"","",NA,"",NA,"","","","","","","","","",54,"",NA,NA,"",NA,"",NA,"",NA,"",NA,NA,"",NA,"",NA,"",NA,"","","","","","",NA,"Yes","mCRC Metastasis",0,"",0,0,0,0,1,0,0,0,"Lymph Node","POLE",NA,0,"Mod_Diff","Right","Biopsy",28.1,13.56666667,"Conventional","",NA,"",NA,NA,"","","","",NA,NA,"","",NA,NA,NA,"","","",NA,"",NA,NA,NA,"",NA,NA,NA,NA,"",NA,NA,NA,NA,NA,NA,NA,NA,NA,NA,"",NA,NA,NA,NA,NA,NA,"",NA,NA,NA,NA,NA,NA,"","","",NA,NA,"",NA,NA,NA,NA,NA,NA,"",NA,NA,NA,NA,NA,NA,NA,NA,NA,NA,"","",NA,NA,"","","",NA,"","",NA,NA,NA,"","",NA,"","",NA,NA,NA,NA,NA,"",NA,"",NA,NA,NA,NA,"","P-0001808",146
"Metastatic Colorectal Cancer (MSK, Cancer Cell 2018)","P-0006960-T01-IM5","Colorectal Cancer","Colorectal Adenocarcinoma","A146T","OncoKB: Oncogenic, level_4, level_r1;reVUE: no;CIViC: Functional: 1, Predictive: 8, Predisposing: 1;MyCancerGenome: present;CancerHotspot: yes;3DHotspot: no","MutationAssessor: impact: medium, score: 3.28;SIFT: impact: deleterious, score: 0.03;Polyphen-2: impact: possibly_damaging, score: 0.844","Missense_Mutation","SNP","Diploid",140,"SOMATIC","Unknown","MSKCC",12,25378562,25378562,"C","T","12:g.25378562C>T","ENST00000311936.3:c.436G>A",0.31,NA,147,329,NA,431,351,"4/5",NA,"Uncertain_significance",NA,NA,NA,NA,NA,NA,"",NA,NA,NA,"",NA,NA,NA,NA,"",NA,NA,NA,NA,NA,"","",NA,"",NA,"","",0.1037,"IMPACT410",NA,"","","","",NA,NA,NA,NA,NA,NA,NA,"","","",8.65,"",NA,"COADREAD",NA,"0:LIVING",NA,"",NA,"","","","","",NA,NA,"","","Sigmoid Colon","",NA,"","",NA,NA,NA,1,NA,"Primary","Male","Matched","","","","",NA,"",343.530613863,NA,NA,"Living",NA,"","","MSI",NA,"","","","","",NA,"",NA,"",NA,"",NA,"","","","","","","",NA,NA,NA,NA,NA,NA,NA,NA,NA,NA,NA,"",NA,NA,"",NA,"","","","","","","",NA,NA,"","","",NA,"","",NA,NA,NA,NA,"",NA,NA,"","","",NA,NA,"",NA,"",NA,"","",NA,NA,NA,"",NA,NA,NA,NA,NA,NA,NA,"","","",NA,NA,NA,"",NA,NA,NA,"",NA,"",NA,NA,"","","","",NA,"","","","",NA,"","","","","",NA,NA,"","",NA,"",NA,"",NA,NA,"",NA,"","","",NA,"","","","",NA,"",NA,"","","",NA,"","",NA,"",NA,"","",NA,"",NA,"","","","","","","","","",60,"",NA,NA,"",NA,"",NA,"",NA,"",NA,NA,"",NA,"",NA,"",NA,"","","","","","",NA,"No","Early Stage Primary",0,"",0,0,0,0,0,0,0,0,"","MSI",38.86666667,0,"Poorly-Diff","Left","Resection",NA,NA,"PDC","",NA,"",NA,NA,"","","","",NA,NA,"","",NA,NA,NA,"","","",NA,"",NA,NA,NA,"",NA,NA,NA,NA,"",NA,NA,NA,NA,NA,NA,NA,NA,NA,NA,"",NA,NA,NA,NA,NA,NA,"",NA,NA,NA,NA,NA,NA,"","","",NA,NA,"",NA,NA,NA,NA,NA,NA,"",NA,NA,NA,NA,NA,NA,NA,NA,NA,NA,"","",NA,NA,"","","",NA,"","",NA,NA,NA,"","",NA,"","",NA,NA,NA,NA,NA,"",NA,"",NA,NA,NA,NA,"","P-0006960",146
"Metastatic Colorectal Cancer (MSK, Cancer Cell 2018)","P-0011357-T01-IM5","Colorectal Cancer","Colorectal Adenocarcinoma","A146T","OncoKB: Oncogenic, level_4, level_r1;reVUE: no;CIViC: Functional: 1, Predictive: 8, Predisposing: 1;MyCancerGenome: present;CancerHotspot: yes;3DHotspot: no","MutationAssessor: impact: medium, score: 3.28;SIFT: impact: deleterious, score: 0.03;Polyphen-2: impact: possibly_damaging, score: 0.844","Missense_Mutation","SNP","Diploid",140,"SOMATIC","Unknown","MSKCC",12,25378562,25378562,"C","T","12:g.25378562C>T","ENST00000311936.3:c.436G>A",0.07,NA,49,672,NA,344,207,"4/5",NA,"Uncertain_significance",NA,NA,NA,NA,NA,NA,"",NA,NA,NA,"",NA,NA,NA,NA,"",NA,NA,NA,NA,NA,"","",NA,"",NA,"","Pelvis",0.0168,"IMPACT410",NA,"","","","",NA,NA,NA,NA,NA,NA,NA,"","","",0,"",NA,"COADREAD",25.33,"0:LIVING",NA,"",NA,"","","","","",NA,NA,"","","Cecum","",NA,"","",NA,NA,NA,1,NA,"Primary","Male","Matched","","","","",NA,"",199.658818313,NA,NA,"Living",NA,"","","MSS",NA,"","","","","",NA,"",NA,"",NA,"",NA,"","","","","","","",NA,NA,NA,NA,NA,NA,NA,NA,NA,NA,NA,"",NA,NA,"",NA,"","","","","","","",NA,NA,"","","",NA,"","",NA,NA,NA,NA,"",NA,NA,"","","",NA,NA,"",NA,"",NA,"","",NA,NA,NA,"",NA,NA,NA,NA,NA,NA,NA,"","","",NA,NA,NA,"",NA,NA,NA,"",NA,"",NA,NA,"","","","",NA,"","","","",NA,"","","","","",NA,NA,"","",NA,"",NA,"",NA,NA,"",NA,"","","",NA,"","","","",NA,"",NA,"","","",NA,"","",NA,"",NA,"","",NA,"",NA,"","","","","","","","","",50,"",NA,NA,"",NA,"",NA,"",NA,"",NA,NA,"",NA,"",NA,"",NA,"","","","","","",NA,"Yes","mCRC Primary",0,"",0,0,0,0,0,0,1,0,"","POLE",NA,0,"Mod_Diff","Right","Resection",9.566666667,15.3,"Conventional_With_Mucinous_Component","",NA,"",NA,NA,"","","","",NA,NA,"","",NA,NA,NA,"","","",NA,"",NA,NA,NA,"",NA,NA,NA,NA,"",NA,NA,NA,NA,NA,NA,NA,NA,NA,NA,"",NA,NA,NA,NA,NA,NA,"",NA,NA,NA,NA,NA,NA,"","","",NA,NA,"",NA,NA,NA,NA,NA,NA,"",NA,NA,NA,NA,NA,NA,NA,NA,NA,NA,"","",NA,NA,"","","",NA,"","",NA,NA,NA,"","",NA,"","",NA,NA,NA,NA,NA,"",NA,"",NA,NA,NA,NA,"","P-0011357",146
"Metastatic Colorectal Cancer (MSK, Cancer Cell 2018)","P-0012402-T01-IM5","Colorectal Cancer","Colorectal Adenocarcinoma","K117N","OncoKB: Oncogenic, level_4, level_r1;reVUE: no;CIViC: Predictive: 1;MyCancerGenome: present;CancerHotspot: yes;3DHotspot: no","MutationAssessor: impact: high, score: 4.71;SIFT: impact: deleterious, score: 0.01;Polyphen-2: impact: probably_damaging, score: 0.994","Missense_Mutation","SNP","Diploid",16,"SOMATIC","Unknown","MSKCC",12,25378647,25378647,"T","G","12:g.25378647T>G","ENST00000311936.3:c.351A>C",0.15,NA,95,545,NA,617,240,"4/5",NA,"Pathogenic",NA,NA,NA,NA,NA,NA,"",NA,NA,NA,"",NA,NA,NA,NA,"",NA,NA,NA,NA,NA,"","",NA,"",NA,"","Liver",0.0017,"IMPACT410",NA,"","","","",NA,NA,NA,NA,NA,NA,NA,"","","",1.26,"",NA,"COADREAD",14.13,"0:LIVING",NA,"",NA,"","","","","",NA,NA,"","","Cecum","",NA,"","",NA,NA,NA,1,NA,"Primary","Male","Matched","","","","",NA,"",234.892727428,NA,NA,"Living",NA,"","","MSS",NA,"","","","","",NA,"",NA,"",NA,"",NA,"","","","","","","",NA,NA,NA,NA,NA,NA,NA,NA,NA,NA,NA,"",NA,NA,"",NA,"","","","","","","",NA,NA,"","","",NA,"","",NA,NA,NA,NA,"",NA,NA,"","","",NA,NA,"",NA,"",NA,"","",NA,NA,NA,"",NA,NA,NA,NA,NA,NA,NA,"","","",NA,NA,NA,"",NA,NA,NA,"",NA,"",NA,NA,"","","","",NA,"","","","",NA,"","","","","",NA,NA,"","",NA,"",NA,"",NA,NA,"",NA,"","","",NA,"","","","",NA,"",NA,"","","",NA,"","",NA,"",NA,"","",NA,"",NA,"","","","","","","","","",47,"",NA,NA,"",NA,"",NA,"",NA,"",NA,NA,"",NA,"",NA,"",NA,"","","","","","",NA,"No","mCRC Primary",1,"Liver",0,0,0,1,0,0,0,0,"","POLE",NA,0,"Mod_Diff","Right","Resection",2.7,0,"Conventional_With_Mucinous_Component","",NA,"",NA,NA,"","","","",NA,NA,"","",NA,NA,NA,"","","",NA,"",NA,NA,NA,"",NA,NA,NA,NA,"",NA,NA,NA,NA,NA,NA,NA,NA,NA,NA,"",NA,NA,NA,NA,NA,NA,"",NA,NA,NA,NA,NA,NA,"","","",NA,NA,"",NA,NA,NA,NA,NA,NA,"",NA,NA,NA,NA,NA,NA,NA,NA,NA,NA,"","",NA,NA,"","","",NA,"","",NA,NA,NA,"","",NA,"","",NA,NA,NA,NA,NA,"",NA,"",NA,NA,NA,NA,"","P-0012402",117
"Colorectal Adenocarcinoma (TCGA, PanCancer Atlas)","TCGA-AZ-4315-01","Colorectal Cancer","Colon Adenocarcinoma","A146T","OncoKB: Oncogenic, level_4, level_r1;reVUE: no;CIViC: Functional: 1, Predictive: 8, Predisposing: 1;MyCancerGenome: present;CancerHotspot: yes;3DHotspot: no","MutationAssessor: impact: medium, score: 3.28;SIFT: impact: deleterious, score: 0.03;Polyphen-2: impact: possibly_damaging, score: 0.844","Missense_Mutation","SNP","Diploid",140,".",".",".",12,25378562,25378562,"C","T","12:g.25378562C>T","ENST00000311936.3:c.436G>A",0.27,NA,15,40,NA,182,6313,"4/5",NA,"Uncertain_significance",NA,NA,61,NA,NA,NA,"",NA,NA,NA,"",NA,NA,NA,NA,"",NA,NA,NA,NA,NA,"","",NA,"",NA,"Not Hispanic Or Latino","",0.0013,"",NA,"","","","",NA,NA,NA,NA,NA,NA,NA,"","","",NA,"",NA,"COAD",58.38840122,"0:LIVING",NA,"de287a25-981d-49f8-81af-fe0300e4cd31",NA,"","","","","",NA,NA,"","","","White",NA,"","",NA,NA,NA,1,NA,"Primary","Male","Matched","","","","",NA,"",211.3666667,NA,NA,"",NA,"","","",NA,"","","","","MSKCC",NA,"Colon Adenocarcinoma",NA,"",NA,"",NA,"","","","STAGE IIA","","","",NA,NA,NA,NA,NA,NA,0,NA,NA,NA,NA,"",NA,NA,"3/21/11",NA,"","No","","C18.0","8140/3","C18.0","Yes",NA,NA,"","","",NA,"","",NA,NA,NA,NA,"No",NA,NA,"","","",NA,NA,"",NA,"",NA,"","",NA,NA,NA,"",NA,NA,NA,NA,NA,NA,NA,"","","",84,0,35,"COAD",1776,-22340,58.38840122,"0:ALIVE OR DEAD TUMOR FREE",NA,"Yes",0.3429,0.67,"M0","N0","T3","Tumor Free",58.38840122,"0:CENSORED","Yes","No","No",24,"COAD_POLE","No","Yes","AZ","Colon",18,NA,"","",NA,"",NA,"",NA,NA,"",NA,"","","",NA,"","","","",NA,"",NA,"","","",NA,"","",NA,"",NA,"","",NA,"",NA,"","","","","","","","","",NA,"",NA,NA,"",NA,"",NA,"",NA,"",NA,NA,"",NA,"",NA,"",NA,"","","","","","",NA,"","",NA,"",NA,NA,NA,NA,NA,NA,NA,NA,"","",NA,NA,"","","",NA,NA,"","",NA,"",NA,NA,"","","","",NA,NA,"","",NA,NA,NA,"","","",NA,"",NA,NA,NA,"",NA,NA,NA,NA,"",NA,NA,NA,NA,NA,NA,NA,NA,NA,NA,"",NA,NA,NA,NA,NA,NA,"",NA,NA,NA,NA,NA,NA,"","","",NA,NA,"",NA,NA,NA,NA,NA,NA,"",NA,NA,NA,NA,NA,NA,NA,NA,NA,NA,"","",NA,NA,"","","",NA,"","",NA,NA,NA,"","",NA,"","",NA,NA,NA,NA,NA,"",NA,"",NA,NA,NA,NA,"","TCGA-AZ-4315",146
"Colorectal Adenocarcinoma (TCGA, PanCancer Atlas)","TCGA-AA-3977-01","Colorectal Cancer","Colon Adenocarcinoma","K117N","OncoKB: Oncogenic, level_4, level_r1;reVUE: no;CIViC: Predictive: 1;MyCancerGenome: present;CancerHotspot: yes;3DHotspot: no","MutationAssessor: impact: high, score: 4.71;SIFT: impact: deleterious, score: 0.01;Polyphen-2: impact: probably_damaging, score: 0.994","Missense_Mutation","SNP","Diploid",16,".",".",".",12,25378647,25378647,"T","G","12:g.25378647T>G","ENST00000311936.3:c.351A>C",0.27,NA,20,55,NA,87,3444,"4/5",NA,"Pathogenic",NA,NA,65,NA,NA,NA,"",NA,NA,NA,"",NA,NA,NA,NA,"",NA,NA,NA,NA,NA,"","",NA,"",NA,"","",8e-04,"",NA,"","","","",NA,NA,NA,NA,NA,NA,NA,"","","",NA,"",NA,"COAD",25.0189039,"0:LIVING",NA,"33e989b9-fac4-47d8-b429-269044ac772a",NA,"","","","","",NA,NA,"","","","",NA,"","",NA,NA,NA,1,NA,"Primary","Male","Matched","","","","",NA,"",115.3,NA,NA,"",NA,"","","",NA,"","","","","International Genomics Consortium",NA,"Colon Adenocarcinoma",NA,"",NA,"",NA,"","","","","6TH","","",NA,NA,NA,NA,NA,NA,0,NA,NA,NA,25.0189039,"0:DiseaseFree",NA,NA,"5/18/10",NA,"","No","","C18.7","8140/3","C18.7","Yes",NA,NA,"","","",NA,"","",NA,NA,NA,NA,"No",NA,NA,"","","",NA,NA,"",NA,"",NA,"","",NA,NA,NA,"",NA,NA,NA,NA,NA,NA,NA,"","","",NA,0,NA,"COAD",761,-23832,25.0189039,"0:ALIVE OR DEAD TUMOR FREE",NA,"No",0.3545,0.37,"","N0","T2","With Tumor",25.0189039,"0:CENSORED","Yes","No","No",NA,"","No","Yes","AA","Colon",NA,NA,"","",NA,"",NA,"",NA,NA,"",NA,"","","",NA,"","","","",NA,"",NA,"","","",NA,"","",NA,"",NA,"","",NA,"",NA,"","","","","","","","","",NA,"",NA,NA,"",NA,"",NA,"",NA,"",NA,NA,"",NA,"",NA,"",NA,"","","","","","",NA,"","",NA,"",NA,NA,NA,NA,NA,NA,NA,NA,"","",NA,NA,"","","",NA,NA,"","",NA,"",NA,NA,"","","","",NA,NA,"","",NA,NA,NA,"","","",NA,"",NA,NA,NA,"",NA,NA,NA,NA,"",NA,NA,NA,NA,NA,NA,NA,NA,NA,NA,"",NA,NA,NA,NA,NA,NA,"",NA,NA,NA,NA,NA,NA,"","","",NA,NA,"",NA,NA,NA,NA,NA,NA,"",NA,NA,NA,NA,NA,NA,NA,NA,NA,NA,"","",NA,NA,"","","",NA,"","",NA,NA,NA,"","",NA,"","",NA,NA,NA,NA,NA,"",NA,"",NA,NA,NA,NA,"","TCGA-AA-3977",117
"Colorectal Adenocarcinoma (TCGA, PanCancer Atlas)","TCGA-CA-6718-01","Colorectal Cancer","Colon Adenocarcinoma","K117N","OncoKB: Oncogenic, level_4, level_r1;reVUE: no;CIViC: Predictive: 1;MyCancerGenome: present;CancerHotspot: yes;3DHotspot: no","MutationAssessor: impact: high, score: 4.71;SIFT: impact: deleterious, score: 0.01;Polyphen-2: impact: probably_damaging, score: 0.994","Missense_Mutation","SNP","Diploid",16,".",".",".",12,25378647,25378647,"T","G","12:g.25378647T>G","ENST00000311936.3:c.351A>C",0.25,NA,9,27,NA,23,3205,"4/5",NA,"Pathogenic",NA,NA,46,NA,NA,NA,"",NA,NA,NA,"",NA,NA,NA,NA,"",NA,NA,NA,NA,NA,"","",NA,"",NA,"Not Hispanic Or Latino","",0.1047,"",NA,"","","","",NA,NA,NA,NA,NA,NA,NA,"","","",NA,"",NA,"COAD",10.06016372,"1:DECEASED",NA,"df5ab6cc-6f68-4b6b-95e2-954c6b57ba9c",NA,"","","","","",NA,NA,"","","","Asian",NA,"","",NA,NA,NA,1,NA,"Primary","Male","Matched","","","","",NA,"",107.0666667,NA,NA,"",NA,"","","",NA,"","","","","MSKCC",NA,"Colon Adenocarcinoma",NA,"",NA,"",NA,"","","","STAGE IIA","6TH","","",NA,NA,NA,NA,NA,NA,0,NA,NA,NA,6.805404872,"1:Recurred/Progressed",NA,NA,"8/8/11",NA,"","No","","C18.9","8140/3","C18.9","Yes",NA,NA,"","","",NA,"","",NA,NA,NA,NA,"Yes",NA,NA,"","","",NA,NA,"",NA,"",NA,"","",NA,NA,NA,"",NA,NA,NA,NA,NA,NA,NA,"","","",63,2,19,"COAD",3,-17109,10.06016372,"1:DEAD WITH TUMOR",NA,"Yes",0.3722,0,"M0","N0","T3","Tumor Free",6.805404872,"1:PROGRESSION","No","No","No",18,"COAD_POLE","Yes","No","CA","Colon",22,NA,"","",NA,"",NA,"",NA,NA,"",NA,"","","",NA,"","","","",NA,"",NA,"","","",NA,"","",NA,"",NA,"","",NA,"",NA,"","","","","","","","","",NA,"",NA,NA,"",NA,"",NA,"",NA,"",NA,NA,"",NA,"",NA,"",NA,"","","","","","",NA,"","",NA,"",NA,NA,NA,NA,NA,NA,NA,NA,"","",NA,NA,"","","",NA,NA,"","",NA,"",NA,NA,"","","","",NA,NA,"","",NA,NA,NA,"","","",NA,"",NA,NA,NA,"",NA,NA,NA,NA,"",NA,NA,NA,NA,NA,NA,NA,NA,NA,NA,"",NA,NA,NA,NA,NA,NA,"",NA,NA,NA,NA,NA,NA,"","","",NA,NA,"",NA,NA,NA,NA,NA,NA,"",NA,NA,NA,NA,NA,NA,NA,NA,NA,NA,"","",NA,NA,"","","",NA,"","",NA,NA,NA,"","",NA,"","",NA,NA,NA,NA,NA,"",NA,"",NA,NA,NA,NA,"","TCGA-CA-6718",117
"Rectal Cancer (MSK, Nature Medicine 2022)","P-00JM076-T01-IM5","Colorectal Cancer","Rectal Adenocarcinoma","A146T","OncoKB: Oncogenic, level_4, level_r1;reVUE: no;CIViC: Functional: 1, Predictive: 8, Predisposing: 1;MyCancerGenome: present;CancerHotspot: yes;3DHotspot: no","MutationAssessor: impact: medium, score: 3.28;SIFT: impact: deleterious, score: 0.03;Polyphen-2: impact: possibly_damaging, score: 0.844","Missense_Mutation","SNP","Diploid",140,NA,NA,".",12,25378562,25378562,"C","T","12:g.25378562C>T","ENST00000311936.3:c.436G>A",0.34,0.0042,92,176,6,1416,86,"4/5",NA,"Uncertain_significance",NA,NA,46,NA,NA,NA,"",NA,NA,NA,"",NA,NA,NA,NA,"",NA,NA,NA,NA,NA,"","",NA,"",NA,"Non-Hispanic","",0.0466,"IMPACT410",NA,"","","","",NA,NA,NA,NA,NA,NA,NA,"","","",NA,"",NA,"READ",NA,"",NA,"",NA,"","","","","",NA,NA,"","","","Black",NA,"","",NA,NA,NA,1,NA,"","Male","","","","","",NA,"",NA,NA,NA,"",NA,"","","",NA,"","","","","",NA,"",NA,"",NA,"",NA,"","","","","","","",NA,NA,NA,NA,NA,NA,NA,NA,NA,NA,NA,"",NA,NA,"",NA,"","","","","","","",NA,NA,"","","",NA,"","",NA,NA,NA,NA,"",NA,NA,"","","",NA,NA,"",NA,"",NA,"","",NA,NA,NA,"",NA,NA,NA,NA,NA,NA,NA,"","","",NA,NA,NA,"",NA,NA,NA,"0",NA,"",NA,NA,"","","","",NA,"","","","",NA,"","","","","",NA,NA,"","",NA,"",NA,"",NA,NA,"",NA,"","","",NA,"","","","",NA,"",NA,"","","",NA,"","",NA,"",NA,"","",NA,"",NA,"","","","","","","","","",NA,"",NA,NA,"",NA,"",NA,"",NA,"",NA,NA,"",NA,"",NA,"",NA,"","","","","","",FALSE,"","",NA,"",NA,NA,NA,NA,NA,NA,NA,NA,"","POLE",NA,NA,"","","",NA,NA,"","",NA,"",NA,NA,"","","","",0,8,"C","Overweight",2093,-1.1,1,"1","CMS3","Capecitabine",95.69362262,"0:DiseaseFree",NA,0,3,"",NA,0,0,0.14,"Overweight",25.9,NA,0.0466,NA,1,1,1,0,NA,NA,"5240_O",27,NA,NA,1,1,0,"",NA,NA,86,84.60586456,NA,NA,"Induction_CRT","FOLFOX","8",NA,NA,"None",NA,NA,NA,NA,NA,95.69362262,"0:LIVING",NA,1,1,0,1,1,1,1,0,NA,"","",NA,3,"0","1","3",0.46,"4500/5000","Lower(<4)",0,1,1,"Yes","s_JGA_rectal_590_T",NA,"MSK-R","NOM",NA,NA,84.60586456,NA,0,"0",5,"4_to_8",1,1,1,2013,"2013","P-00JM076",146
"Colorectal Adenocarcinoma (TCGA, Nature 2012)","TCGA-AA-3555-01","Colorectal Cancer","Colorectal Adenocarcinoma","A146T","OncoKB: Oncogenic, level_4, level_r1;reVUE: no;CIViC: Functional: 1, Predictive: 8, Predisposing: 1;MyCancerGenome: present;CancerHotspot: yes;3DHotspot: no","MutationAssessor: impact: medium, score: 3.28;SIFT: impact: deleterious, score: 0.03;Polyphen-2: impact: possibly_damaging, score: 0.844","Missense_Mutation","SNP","Diploid",140,"Somatic","Valid","hgsc.bcm.edu",12,25378562,25378562,"C","T","12:g.25378562C>T","ENST00000311936.3:c.436G>A",NA,NA,NA,NA,NA,NA,723,"4/5",NA,"Uncertain_significance",NA,NA,NA,NA,NA,NA,"",NA,NA,NA,"",NA,NA,NA,NA,"",NA,NA,NA,NA,NA,"","",NA,"",NA,"","",4e-04,"",NA,"","","","",NA,NA,NA,NA,NA,NA,NA,"","","",NA,"",NA,"COADREAD",0.99,"0:LIVING",NA,"",NA,"","","","","",NA,NA,"","","1 - right colon","",NA,"","",NA,NA,NA,1,NA,"Primary","Female","Matched","","","","",NA,"",24.66666667,NA,NA,"",NA,"","","MSS",NA,"","","","","",NA,"",NA,"",NA,"",NA,"","","","","","","",NA,NA,NA,NA,NA,NA,NA,NA,NA,NA,NA,"",NA,NA,"",NA,"","","","","","","",NA,NA,"","","",NA,"","",NA,NA,NA,NA,"",NA,NA,"","","",NA,NA,"",NA,"",NA,"","",NA,NA,NA,"",NA,NA,NA,NA,NA,NA,NA,"","","",NA,NA,NA,"",NA,NA,NA,"",NA,"",NA,NA,"","","","",NA,"","","","",NA,"","","","","",NA,1,"MSI/CIMP","Hepatic Flexure",1,"2a",1,"CIMP.L",0,1,"T3",1,"Stage IIA","","",NA,"","","","",NA,"",NA,"","","",NA,"","",NA,"",NA,"","",NA,"",NA,"","","","","","","","","",NA,"",NA,NA,"",NA,"",NA,"",NA,"",NA,NA,"",NA,"",NA,"",NA,"","","","","","",NA,"","",NA,"",NA,NA,NA,NA,NA,NA,NA,NA,"","",NA,NA,"","","",NA,NA,"","",NA,"",NA,NA,"","","","",NA,NA,"","",NA,NA,NA,"","","",NA,"",NA,NA,NA,"",NA,NA,NA,NA,"",NA,NA,NA,NA,NA,NA,NA,NA,NA,NA,"",NA,NA,NA,NA,NA,NA,"",NA,NA,NA,NA,NA,NA,"","","",NA,NA,"",NA,NA,NA,NA,NA,NA,"",NA,NA,NA,NA,NA,NA,NA,NA,NA,NA,"","",NA,NA,"","","",NA,"","",NA,NA,NA,"","",NA,"","",NA,NA,NA,NA,NA,"",NA,"",NA,NA,NA,NA,"","TCGA-AA-3555",146
"Colorectal Adenocarcinoma (TCGA, Nature 2012)","TCGA-AA-3977-01","Colorectal Cancer","Colon Adenocarcinoma","K117N","OncoKB: Oncogenic, level_4, level_r1;reVUE: no;CIViC: Predictive: 1;MyCancerGenome: present;CancerHotspot: yes;3DHotspot: no","MutationAssessor: impact: high, score: 4.71;SIFT: impact: deleterious, score: 0.01;Polyphen-2: impact: probably_damaging, score: 0.994","Missense_Mutation","SNP","Diploid",16,"Somatic","Valid","broad.mit.edu",12,25378647,25378647,"T","G","12:g.25378647T>G","ENST00000311936.3:c.351A>C",NA,NA,NA,NA,NA,NA,2914,"4/5",NA,"Pathogenic",NA,NA,NA,NA,NA,NA,"",NA,NA,NA,"",NA,NA,NA,NA,"",NA,NA,NA,NA,NA,"","",NA,"",NA,"","",8e-04,"",NA,"","","","",NA,NA,NA,NA,NA,NA,NA,"","","",NA,"",NA,"COAD",1.02,"0:LIVING",NA,"",NA,"","","","","",NA,NA,"","","3 - left colon","",NA,"","",NA,NA,NA,1,NA,"Primary","Male","Matched","","","","",NA,"",97.9,NA,NA,"",NA,"","","MSS",NA,"","","","","",NA,"",NA,"",NA,"",NA,"","","","","","","",NA,NA,NA,NA,NA,NA,NA,NA,NA,NA,NA,"",NA,NA,"",NA,"","","","","","","",NA,NA,"","","",NA,"","",NA,NA,NA,NA,"",NA,NA,"","","",NA,NA,"",NA,"",NA,"","",NA,NA,NA,"",NA,NA,NA,NA,NA,NA,NA,"","","",NA,NA,NA,"",NA,NA,NA,"",NA,"",NA,NA,"","","","",NA,"","","","",NA,"","","","","",NA,1,"MSI/CIMP","Sigmoid Colon",1,"2a",1,"Cluster3",0,1,"T2",1,"","","",NA,"","","","",NA,"",NA,"","","",NA,"","",NA,"",NA,"","",NA,"",NA,"","","","","","","","","",NA,"",NA,NA,"",NA,"",NA,"",NA,"",NA,NA,"",NA,"",NA,"",NA,"","","","","","",NA,"","",NA,"",NA,NA,NA,NA,NA,NA,NA,NA,"","",NA,NA,"","","",NA,NA,"","",NA,"",NA,NA,"","","","",NA,NA,"","",NA,NA,NA,"","","",NA,"",NA,NA,NA,"",NA,NA,NA,NA,"",NA,NA,NA,NA,NA,NA,NA,NA,NA,NA,"",NA,NA,NA,NA,NA,NA,"",NA,NA,NA,NA,NA,NA,"","","",NA,NA,"",NA,NA,NA,NA,NA,NA,"",NA,NA,NA,NA,NA,NA,NA,NA,NA,NA,"","",NA,NA,"","","",NA,"","",NA,NA,NA,"","",NA,"","",NA,NA,NA,NA,NA,"",NA,"",NA,NA,NA,NA,"","TCGA-AA-3977",117
"Colorectal Cancer (MSK, JCO Precis Oncol 2022)","P-0048215-T01-IM6","Colorectal Cancer","Rectal Adenocarcinoma","A59T","OncoKB: Oncogenic, level_4, level_r1;reVUE: no;CIViC: NA;MyCancerGenome: not present;CancerHotspot: yes;3DHotspot: yes","MutationAssessor: impact: high, score: 3.59;SIFT: impact: tolerated, score: 0.06;Polyphen-2: impact: possibly_damaging, score: 0.692","Missense_Mutation","SNP","Diploid",27,"SOMATIC","Unknown","MSKCC",12,25380283,25380283,"C","T","12:g.25380283C>T","ENST00000311936.3:c.175G>A",0.21,NA,134,498,NA,467,472,"3/5",NA,"Pathogenic/Likely_pathogenic",NA,NA,NA,NA,NA,NA,"",NA,NA,NA,"",NA,NA,NA,NA,"",NA,NA,415.2,NA,NA,"","",NA,"",NA,"","",0.0184,"",NA,"","","","",NA,NA,NA,NA,NA,NA,NA,"","","",0.06,"Stable",NA,"READ",NA,"",NA,"",NA,"","","","","",NA,NA,"","","Rectum","",NA,"","",NA,NA,NA,1,723,"Primary","Male","","","","","4",NA,"",NA,NA,30,"",NA,"","","",NA,"","","","","",NA,"",NA,"",NA,"",NA,"","","","","","","",NA,NA,NA,NA,NA,NA,NA,NA,NA,NA,NA,"",NA,NA,"",NA,"","","","","","","",NA,NA,"","","",NA,"","",NA,NA,NA,NA,"",NA,NA,"","","",NA,NA,"",NA,"",NA,"","",NA,NA,NA,"",NA,NA,NA,NA,NA,NA,NA,"","","",NA,NA,NA,"",NA,NA,NA,"",NA,"",NA,NA,"","","","",NA,"","","","",NA,"","","","","",NA,NA,"","",NA,"",NA,"",NA,NA,"",NA,"","","",NA,"","","","",NA,"",NA,"","","",NA,"","",NA,"",NA,"","",NA,"",NA,"","","","","","","","Distal","",50,"No",0.97,1,"Clonal",0.97,"DIPLOID",1,"KRAS p.A59T",2,"No",0.5,1,"Subclonal",NA,"DIPLOID",1,"KRAS p.G13D",2,"PASS","Clonal-Subclonal","LEVEL_3B","Yes","Yes","Alive",FALSE,"","",NA,"",NA,NA,NA,NA,NA,NA,NA,NA,"","",NA,NA,"","","",NA,NA,"","",NA,"",NA,NA,"","","","",NA,NA,"","",NA,NA,NA,"","","",NA,"",NA,NA,NA,"",NA,NA,NA,NA,"",NA,NA,NA,NA,NA,NA,NA,NA,NA,NA,"",NA,NA,NA,NA,NA,NA,"",NA,NA,NA,NA,NA,NA,"","","",NA,NA,"",NA,NA,NA,NA,NA,NA,"",NA,NA,NA,NA,NA,NA,NA,NA,NA,NA,"","",NA,NA,"","","",NA,"","",NA,NA,NA,"","",NA,"","",NA,NA,NA,NA,NA,"",NA,"",NA,NA,NA,NA,"","P-0048215",59
"Rectal Cancer (MSK, Nature Medicine 2022)","P-0048215-T01-IM6","Colorectal Cancer","Rectal Adenocarcinoma","A59T","OncoKB: Oncogenic, level_4, level_r1;reVUE: no;CIViC: NA;MyCancerGenome: not present;CancerHotspot: yes;3DHotspot: yes","MutationAssessor: impact: high, score: 3.59;SIFT: impact: tolerated, score: 0.06;Polyphen-2: impact: possibly_damaging, score: 0.692","Missense_Mutation","SNP","Diploid",27,"SOMATIC","Unknown","MSKCC",12,25380283,25380283,"C","T","12:g.25380283C>T","ENST00000311936.3:c.175G>A",0.21,NA,134,498,NA,467,472,"3/5",NA,"Pathogenic/Likely_pathogenic",NA,NA,50,NA,NA,NA,"",NA,NA,NA,"",NA,NA,NA,NA,"",NA,NA,NA,NA,NA,"","",NA,"",NA,"NOS Hispanic","",0.0184,"IMPACT468",NA,"","","","",NA,NA,NA,NA,NA,NA,NA,"","","",0.06,"",NA,"READ",NA,"",NA,"",NA,"","","","","",NA,NA,"","","","White",NA,"","",NA,NA,NA,1,NA,"","Male","","","","","",NA,"",NA,NA,NA,"",NA,"","","",NA,"","","","","",NA,"",NA,"",NA,"",NA,"","","","","","","",NA,NA,NA,NA,NA,NA,NA,NA,NA,NA,NA,"",NA,NA,"",NA,"","","","","","","",NA,NA,"","","",NA,"","",NA,NA,NA,NA,"",NA,NA,"","","",NA,NA,"",NA,"",NA,"","",NA,NA,NA,"",NA,NA,NA,NA,NA,NA,NA,"","","",NA,NA,NA,"",NA,NA,NA,"",NA,"",NA,NA,"","","","",NA,"","","","",NA,"","","","","",NA,NA,"","",NA,"",NA,"",NA,NA,"",NA,"","","",NA,"","","","",NA,"",NA,"","","",NA,"","",NA,"",NA,"","",NA,"",NA,"","","","","","","","","",NA,"",NA,NA,"",NA,"",NA,"",NA,"",NA,NA,"",NA,"",NA,"",NA,"","","","","","",FALSE,"","",NA,"",NA,NA,NA,NA,NA,NA,NA,NA,"","POLE",NA,NA,"","","",NA,NA,"","",NA,"",NA,NA,"","","","",NA,NA,"C","",NA,NA,NA,"1","","",NA,"",NA,NA,4.4,"",NA,NA,1,0.2,"",NA,NA,0.0184,NA,1,1,0,0,NA,NA,"",NA,NA,NA,NA,NA,NA,"",NA,NA,472,415.2,NA,NA,"","","",NA,NA,"Blood",NA,NA,NA,NA,NA,NA,"",NA,1,1,0,0,0,0,0,NA,NA,"","",NA,3,"0","+","4",0.14,"","Lower(<4)",NA,NA,NA,"","",NA,"MSK-C","",NA,NA,NA,NA,NA,"",7,"4_to_8",0,0,0,NA,"","P-0048215",59
"Colorectal Adenocarcinoma (TCGA, PanCancer Atlas)","TCGA-CA-6718-01","Colorectal Cancer","Colon Adenocarcinoma","Q22K","OncoKB: Oncogenic, level_4, level_r1;reVUE: no;CIViC: NA;MyCancerGenome: not present;CancerHotspot: yes;3DHotspot: no","MutationAssessor: impact: low, score: 1.93;SIFT: impact: deleterious, score: 0.01;Polyphen-2: impact: probably_damaging, score: 0.982","Missense_Mutation","SNP","Diploid",15,".",".",".",12,25398255,25398255,"G","T","12:g.25398255G>T","ENST00000311936.3:c.64C>A",0.28,NA,28,71,NA,97,3205,"2/5",NA,"Likely_pathogenic",NA,NA,46,NA,NA,NA,"",NA,NA,NA,"",NA,NA,NA,NA,"",NA,NA,NA,NA,NA,"","",NA,"",NA,"Not Hispanic Or Latino","",0.1047,"",NA,"","","","",NA,NA,NA,NA,NA,NA,NA,"","","",NA,"",NA,"COAD",10.06016372,"1:DECEASED",NA,"df5ab6cc-6f68-4b6b-95e2-954c6b57ba9c",NA,"","","","","",NA,NA,"","","","Asian",NA,"","",NA,NA,NA,1,NA,"Primary","Male","Matched","","","","",NA,"",107.0666667,NA,NA,"",NA,"","","",NA,"","","","","MSKCC",NA,"Colon Adenocarcinoma",NA,"",NA,"",NA,"","","","STAGE IIA","6TH","","",NA,NA,NA,NA,NA,NA,0,NA,NA,NA,6.805404872,"1:Recurred/Progressed",NA,NA,"8/8/11",NA,"","No","","C18.9","8140/3","C18.9","Yes",NA,NA,"","","",NA,"","",NA,NA,NA,NA,"Yes",NA,NA,"","","",NA,NA,"",NA,"",NA,"","",NA,NA,NA,"",NA,NA,NA,NA,NA,NA,NA,"","","",63,2,19,"COAD",3,-17109,10.06016372,"1:DEAD WITH TUMOR",NA,"Yes",0.3722,0,"M0","N0","T3","Tumor Free",6.805404872,"1:PROGRESSION","No","No","No",18,"COAD_POLE","Yes","No","CA","Colon",22,NA,"","",NA,"",NA,"",NA,NA,"",NA,"","","",NA,"","","","",NA,"",NA,"","","",NA,"","",NA,"",NA,"","",NA,"",NA,"","","","","","","","","",NA,"",NA,NA,"",NA,"",NA,"",NA,"",NA,NA,"",NA,"",NA,"",NA,"","","","","","",NA,"","",NA,"",NA,NA,NA,NA,NA,NA,NA,NA,"","",NA,NA,"","","",NA,NA,"","",NA,"",NA,NA,"","","","",NA,NA,"","",NA,NA,NA,"","","",NA,"",NA,NA,NA,"",NA,NA,NA,NA,"",NA,NA,NA,NA,NA,NA,NA,NA,NA,NA,"",NA,NA,NA,NA,NA,NA,"",NA,NA,NA,NA,NA,NA,"","","",NA,NA,"",NA,NA,NA,NA,NA,NA,"",NA,NA,NA,NA,NA,NA,NA,NA,NA,NA,"","",NA,NA,"","","",NA,"","",NA,NA,NA,"","",NA,"","",NA,NA,NA,NA,NA,"",NA,"",NA,NA,NA,NA,"","TCGA-CA-6718",22
"Metastatic Colorectal Cancer (MSK, Cancer Cell 2018)","P-0001215-T01-IM3","Colorectal Cancer","Colorectal Adenocarcinoma","V14I","OncoKB: Likely Oncogenic, level_4, level_r1;reVUE: no;CIViC: Predisposing: 1;MyCancerGenome: not present;CancerHotspot: no;3DHotspot: no","MutationAssessor: impact: medium, score: 3.07;SIFT: impact: deleterious, score: 0;Polyphen-2: impact: probably_damaging, score: 0.959","Missense_Mutation","SNP","Diploid",17,"SOMATIC","Unknown","MSKCC",12,25398279,25398279,"C","T","12:g.25398279C>T","ENST00000311936.3:c.40G>A",0.13,NA,60,387,NA,527,249,"2/5",NA,"Pathogenic",NA,NA,NA,NA,NA,NA,"",NA,NA,NA,"",NA,NA,NA,NA,"",NA,NA,NA,NA,NA,"","",NA,"",NA,"","Liver",0,"IMPACT341",NA,"","","","",NA,NA,NA,NA,NA,NA,NA,"","","",0.31,"",NA,"COADREAD",31.6,"0:LIVING",NA,"",NA,"","","","","",NA,NA,"","","Sigmoid Colon","",NA,"","",NA,NA,NA,1,NA,"Metastasis","Male","Matched","","","","",NA,"",276.179669849,NA,NA,"Living",NA,"","","MSS",NA,"","","","","",NA,"",NA,"",NA,"",NA,"","","","","","","",NA,NA,NA,NA,NA,NA,NA,NA,NA,NA,NA,"",NA,NA,"",NA,"","","","","","","",NA,NA,"","","",NA,"","",NA,NA,NA,NA,"",NA,NA,"","","",NA,NA,"",NA,"",NA,"","",NA,NA,NA,"",NA,NA,NA,NA,NA,NA,NA,"","","",NA,NA,NA,"",NA,NA,NA,"",NA,"",NA,NA,"","","","",NA,"","","","",NA,"","","","","",NA,NA,"","",NA,"",NA,"",NA,NA,"",NA,"","","",NA,"","","","",NA,"",NA,"","","",NA,"","",NA,"",NA,"","",NA,"",NA,"","","","","","","","","",45,"",NA,NA,"",NA,"",NA,"",NA,"",NA,NA,"",NA,"",NA,"",NA,"","","","","","",NA,"Yes","mCRC Metastasis",1,"Liver",0,0,0,1,0,0,0,0,"Liver","POLE",NA,0,"","Left","Resection",26.5,8.6,"","",NA,"",NA,NA,"","","","",NA,NA,"","",NA,NA,NA,"","","",NA,"",NA,NA,NA,"",NA,NA,NA,NA,"",NA,NA,NA,NA,NA,NA,NA,NA,NA,NA,"",NA,NA,NA,NA,NA,NA,"",NA,NA,NA,NA,NA,NA,"","","",NA,NA,"",NA,NA,NA,NA,NA,NA,"",NA,NA,NA,NA,NA,NA,NA,NA,NA,NA,"","",NA,NA,"","","",NA,"","",NA,NA,NA,"","",NA,"","",NA,NA,NA,NA,NA,"",NA,"",NA,NA,NA,NA,"","P-0001215",14
"Colorectal Cancer (MSK, JCO Precis Oncol 2022)","P-0036503-T01-IM6","Colorectal Cancer","Colon Adenocarcinoma","V14I","OncoKB: Likely Oncogenic, level_4, level_r1;reVUE: no;CIViC: Predisposing: 1;MyCancerGenome: not present;CancerHotspot: no;3DHotspot: no","MutationAssessor: impact: medium, score: 3.07;SIFT: impact: deleterious, score: 0;Polyphen-2: impact: probably_damaging, score: 0.959","Missense_Mutation","SNP","Diploid",17,"SOMATIC","Unknown","MSKCC",12,25398279,25398279,"C","T","12:g.25398279C>T","ENST00000311936.3:c.40G>A",0.11,NA,25,211,NA,360,140,"2/5",NA,"Pathogenic",NA,NA,NA,NA,NA,NA,"",NA,NA,NA,"",NA,NA,NA,NA,"",NA,NA,123.8,NA,NA,"","",NA,"",NA,"","",0,"",NA,"","","","",NA,NA,NA,NA,NA,NA,NA,"","","",0.07,"Stable",NA,"COAD",NA,"",NA,"",NA,"","","","","",NA,NA,"","","Sigmoid Colon","",NA,"","",NA,NA,NA,1,409,"Primary","Male","","","","","3",NA,"",NA,NA,20,"",NA,"","","",NA,"","","","","",NA,"",NA,"",NA,"",NA,"","","","","","","",NA,NA,NA,NA,NA,NA,NA,NA,NA,NA,NA,"",NA,NA,"",NA,"","","","","","","",NA,NA,"","","",NA,"","",NA,NA,NA,NA,"",NA,NA,"","","",NA,NA,"",NA,"",NA,"","",NA,NA,NA,"",NA,NA,NA,NA,NA,NA,NA,"","","",NA,NA,NA,"",NA,NA,NA,"",NA,"",NA,NA,"","","","",NA,"","","","",NA,"","","","","",NA,NA,"","",NA,"",NA,"",NA,NA,"",NA,"","","",NA,"","","","",NA,"",NA,"","","",NA,"","",NA,"",NA,"","",NA,"",NA,"","","","","","","","Distal","",30,"",NA,NA,"",NA,"",NA,"KRAS p.K117N",NA,"",NA,NA,"",NA,"",NA,"KRAS p.V14I",NA,"FAIL","","LEVEL_3B","No","","Alive",NA,"","",NA,"",NA,NA,NA,NA,NA,NA,NA,NA,"","",NA,NA,"","","",NA,NA,"","",NA,"",NA,NA,"","","","",NA,NA,"","",NA,NA,NA,"","","",NA,"",NA,NA,NA,"",NA,NA,NA,NA,"",NA,NA,NA,NA,NA,NA,NA,NA,NA,NA,"",NA,NA,NA,NA,NA,NA,"",NA,NA,NA,NA,NA,NA,"","","",NA,NA,"",NA,NA,NA,NA,NA,NA,"",NA,NA,NA,NA,NA,NA,NA,NA,NA,NA,"","",NA,NA,"","","",NA,"","",NA,NA,NA,"","",NA,"","",NA,NA,NA,NA,NA,"",NA,"",NA,NA,NA,NA,"","P-0036503",14
"Colorectal Cancer (MSK, JCO Precis Oncol 2022)","P-0036503-T01-IM6","Colorectal Cancer","Colon Adenocarcinoma","K117Q","OncoKB: Likely Oncogenic, level_4, level_r1;reVUE: no;CIViC: NA;MyCancerGenome: present;CancerHotspot: yes;3DHotspot: no","MutationAssessor: impact: medium, score: 3.47;SIFT: impact: deleterious, score: 0.01;Polyphen-2: impact: probably_damaging, score: 0.966","Missense_Mutation","SNP","Diploid",16,"SOMATIC","Unknown","MSKCC",12,25378649,25378649,"T","G","12:g.25378649T>G","ENST00000311936.3:c.349A>C",0.22,NA,75,260,NA,346,140,"4/5",NA,"",NA,NA,NA,NA,NA,NA,"",NA,NA,NA,"",NA,NA,NA,NA,"",NA,NA,123.8,NA,NA,"","",NA,"",NA,"","",0,"",NA,"","","","",NA,NA,NA,NA,NA,NA,NA,"","","",0.07,"Stable",NA,"COAD",NA,"",NA,"",NA,"","","","","",NA,NA,"","","Sigmoid Colon","",NA,"","",NA,NA,NA,1,409,"Primary","Male","","","","","3",NA,"",NA,NA,20,"",NA,"","","",NA,"","","","","",NA,"",NA,"",NA,"",NA,"","","","","","","",NA,NA,NA,NA,NA,NA,NA,NA,NA,NA,NA,"",NA,NA,"",NA,"","","","","","","",NA,NA,"","","",NA,"","",NA,NA,NA,NA,"",NA,NA,"","","",NA,NA,"",NA,"",NA,"","",NA,NA,NA,"",NA,NA,NA,NA,NA,NA,NA,"","","",NA,NA,NA,"",NA,NA,NA,"",NA,"",NA,NA,"","","","",NA,"","","","",NA,"","","","","",NA,NA,"","",NA,"",NA,"",NA,NA,"",NA,"","","",NA,"","","","",NA,"",NA,"","","",NA,"","",NA,"",NA,"","",NA,"",NA,"","","","","","","","Distal","",30,"",NA,NA,"",NA,"",NA,"KRAS p.K117N",NA,"",NA,NA,"",NA,"",NA,"KRAS p.V14I",NA,"FAIL","","LEVEL_3B","No","","Alive",NA,"","",NA,"",NA,NA,NA,NA,NA,NA,NA,NA,"","",NA,NA,"","","",NA,NA,"","",NA,"",NA,NA,"","","","",NA,NA,"","",NA,NA,NA,"","","",NA,"",NA,NA,NA,"",NA,NA,NA,NA,"",NA,NA,NA,NA,NA,NA,NA,NA,NA,NA,"",NA,NA,NA,NA,NA,NA,"",NA,NA,NA,NA,NA,NA,"","","",NA,NA,"",NA,NA,NA,NA,NA,NA,"",NA,NA,NA,NA,NA,NA,NA,NA,NA,NA,"","",NA,NA,"","","",NA,"","",NA,NA,NA,"","",NA,"","",NA,NA,NA,NA,NA,"",NA,"",NA,NA,NA,NA,"","P-0036503",117
"Rectal Cancer (MSK, Nature Medicine 2022)","P-0056521-T01-IM6","Colorectal Cancer","Rectal Adenocarcinoma","K117Q","OncoKB: Likely Oncogenic, level_4, level_r1;reVUE: no;CIViC: NA;MyCancerGenome: present;CancerHotspot: yes;3DHotspot: no","MutationAssessor: impact: medium, score: 3.47;SIFT: impact: deleterious, score: 0.01;Polyphen-2: impact: probably_damaging, score: 0.966","Missense_Mutation","SNP","Diploid",16,"SOMATIC","Unknown","MSKCC",12,25378649,25378649,"T","G","12:g.25378649T>G","ENST00000311936.3:c.349A>C",0.12,NA,83,621,NA,512,148,"4/5",NA,"",NA,NA,41,NA,NA,NA,"",NA,NA,NA,"",NA,NA,NA,NA,"",NA,NA,NA,NA,NA,"","",NA,"",NA,"Non-Hispanic","",0,"IMPACT468",NA,"","","","",NA,NA,NA,NA,NA,NA,NA,"","","",0.05,"",NA,"READ",NA,"",NA,"",NA,"","","","","",NA,NA,"","","","White",NA,"","",NA,NA,NA,1,NA,"","Male","","","","","",NA,"",NA,NA,NA,"",NA,"","","",NA,"","","","","",NA,"",NA,"",NA,"",NA,"","","","","","","",NA,NA,NA,NA,NA,NA,NA,NA,NA,NA,NA,"",NA,NA,"",NA,"","","","","","","",NA,NA,"","","",NA,"","",NA,NA,NA,NA,"",NA,NA,"","","",NA,NA,"",NA,"",NA,"","",NA,NA,NA,"",NA,NA,NA,NA,NA,NA,NA,"","","",NA,NA,NA,"",NA,NA,NA,"",NA,"",NA,NA,"","","","",NA,"","","","",NA,"","","","","",NA,NA,"","",NA,"",NA,"",NA,NA,"",NA,"","","",NA,"","","","",NA,"",NA,"","","",NA,"","",NA,"",NA,"","",NA,"",NA,"","","","","","","","","",NA,"",NA,NA,"",NA,"",NA,"",NA,"",NA,NA,"",NA,"",NA,"",NA,"","","","","","",TRUE,"","",NA,"",NA,NA,NA,NA,NA,NA,NA,NA,"","POLE",NA,NA,"","","",NA,NA,"","",NA,"",NA,NA,"","","","",NA,NA,"C","",NA,NA,0,"","","",NA,"0:DiseaseFree",NA,0,6,"",NA,NA,1,0.91,"",NA,NA,0,NA,1,1,0,0,NA,NA,"",NA,NA,NA,NA,NA,0,"",NA,NA,148,129.9,NA,NA,"CRT_Consolidation","","4",NA,NA,"Blood",NA,NA,NA,NA,NA,NA,"0:LIVING",NA,1,1,0,1,1,0,0,1,NA,"","",NA,3,"0","2","3",0.44,"","Middle(4-8)",0,1,1,"","",NA,"MSK-C","LAR",NA,NA,NA,NA,NA,"",5.7,"4_to_8",1,1,1,NA,"","P-0056521",117
"Metastatic Colorectal Cancer (MSK, Cancer Cell 2018)","P-0006960-T01-IM5","Colorectal Cancer","Colorectal Adenocarcinoma","Q22H","OncoKB: Likely Oncogenic, level_4, level_r1;reVUE: no;CIViC: NA;MyCancerGenome: not present;CancerHotspot: yes;3DHotspot: no","MutationAssessor: impact: medium, score: 3.27;SIFT: impact: deleterious, score: 0;Polyphen-2: impact: probably_damaging, score: 0.997","Missense_Mutation","SNP","Diploid",15,"SOMATIC","Unknown","MSKCC",12,25398253,25398253,"C","A","12:g.25398253C>A","ENST00000311936.3:c.66G>T",0.36,NA,294,532,NA,503,351,"2/5",NA,"",NA,NA,NA,NA,NA,NA,"",NA,NA,NA,"",NA,NA,NA,NA,"",NA,NA,NA,NA,NA,"","",NA,"",NA,"","",0.1037,"IMPACT410",NA,"","","","",NA,NA,NA,NA,NA,NA,NA,"","","",8.65,"",NA,"COADREAD",NA,"0:LIVING",NA,"",NA,"","","","","",NA,NA,"","","Sigmoid Colon","",NA,"","",NA,NA,NA,1,NA,"Primary","Male","Matched","","","","",NA,"",343.530613863,NA,NA,"Living",NA,"","","MSI",NA,"","","","","",NA,"",NA,"",NA,"",NA,"","","","","","","",NA,NA,NA,NA,NA,NA,NA,NA,NA,NA,NA,"",NA,NA,"",NA,"","","","","","","",NA,NA,"","","",NA,"","",NA,NA,NA,NA,"",NA,NA,"","","",NA,NA,"",NA,"",NA,"","",NA,NA,NA,"",NA,NA,NA,NA,NA,NA,NA,"","","",NA,NA,NA,"",NA,NA,NA,"",NA,"",NA,NA,"","","","",NA,"","","","",NA,"","","","","",NA,NA,"","",NA,"",NA,"",NA,NA,"",NA,"","","",NA,"","","","",NA,"",NA,"","","",NA,"","",NA,"",NA,"","",NA,"",NA,"","","","","","","","","",60,"",NA,NA,"",NA,"",NA,"",NA,"",NA,NA,"",NA,"",NA,"",NA,"","","","","","",NA,"No","Early Stage Primary",0,"",0,0,0,0,0,0,0,0,"","MSI",38.86666667,0,"Poorly-Diff","Left","Resection",NA,NA,"PDC","",NA,"",NA,NA,"","","","",NA,NA,"","",NA,NA,NA,"","","",NA,"",NA,NA,NA,"",NA,NA,NA,NA,"",NA,NA,NA,NA,NA,NA,NA,NA,NA,NA,"",NA,NA,NA,NA,NA,NA,"",NA,NA,NA,NA,NA,NA,"","","",NA,NA,"",NA,NA,NA,NA,NA,NA,"",NA,NA,NA,NA,NA,NA,NA,NA,NA,NA,"","",NA,NA,"","","",NA,"","",NA,NA,NA,"","",NA,"","",NA,NA,NA,NA,NA,"",NA,"",NA,NA,NA,NA,"","P-0006960",22
"Colorectal Adenocarcinoma (DFCI, Cell Reports 2016)","coadread_dfci_2016_593","Colorectal Cancer","Colorectal Adenocarcinoma","K147E","OncoKB: Likely Oncogenic, level_4, level_r1;reVUE: no;CIViC: NA;MyCancerGenome: not present;CancerHotspot: no;3DHotspot: no","MutationAssessor: impact: high, score: 3.93;SIFT: impact: deleterious, score: 0;Polyphen-2: impact: probably_damaging, score: 0.967","Missense_Mutation","SNP","",2,NA,NA,"dfci.harvard.edu",12,25378559,25378559,"T","C","12:g.25378559T>C","ENST00000311936.3:c.439A>G",NA,NA,NA,NA,NA,NA,4309,"4/5",NA,"Pathogenic/Likely_pathogenic",NA,NA,68,NA,NA,NA,"",NA,NA,NA,"",NA,NA,NA,NA,"",NA,NA,NA,NA,NA,"","",NA,"",NA,"","",NA,"",NA,"","","","",NA,NA,NA,NA,NA,NA,NA,"","","",NA,"",NA,"COADREAD",NA,"",NA,"",NA,"","","","","",NA,NA,"","","","",NA,"","",NA,NA,NA,1,NA,"","Male","Matched","","","","",NA,"",143.7,NA,NA,"",NA,"","CIMP-0/low","",0,"Well-Moderate","Rectum","II","","",NA,"",NA,"",NA,"",NA,"","","","","","","",NA,NA,NA,NA,NA,NA,NA,NA,NA,NA,NA,"",NA,NA,"",NA,"","","","","","","",NA,NA,"","","",NA,"","",NA,NA,NA,NA,"",NA,NA,"","","",NA,NA,"",NA,"",NA,"","",NA,NA,NA,"",NA,NA,NA,NA,NA,NA,NA,"","","",NA,NA,NA,"",NA,NA,NA,"",NA,"",NA,NA,"","","","",NA,"","","","",NA,"","","","","",NA,NA,"","",NA,"",NA,"",NA,NA,"",NA,"","","",NA,"","","","",NA,"",NA,"","","",NA,"","",NA,"",NA,"","",NA,"",NA,"","","","","","","","","",NA,"",NA,NA,"",NA,"",NA,"",NA,"",NA,NA,"",NA,"",NA,"",NA,"","","","","","",NA,"","",NA,"",NA,NA,NA,NA,NA,NA,NA,NA,"","",NA,NA,"","","",NA,NA,"","",NA,"",NA,NA,"","","","",NA,NA,"","",NA,NA,NA,"","","",NA,"",NA,NA,NA,"",NA,NA,NA,NA,"",NA,NA,NA,NA,NA,NA,NA,NA,NA,NA,"",NA,NA,NA,NA,NA,NA,"",NA,NA,NA,NA,NA,NA,"","","",NA,NA,"",NA,NA,NA,NA,NA,NA,"",NA,NA,NA,NA,NA,NA,NA,NA,NA,NA,"","",NA,NA,"","","",NA,"","",NA,NA,NA,"","",NA,"","",NA,NA,NA,NA,NA,"",NA,"",NA,NA,NA,NA,"","coadread_dfci_2016_593",147
"Metastatic Colorectal Cancer (MSK, Cancer Cell 2018)","P-0001215-T01-IM3","Colorectal Cancer","Colorectal Adenocarcinoma","K147T","OncoKB: Likely Oncogenic, level_4, level_r1;reVUE: no;CIViC: NA;MyCancerGenome: not present;CancerHotspot: no;3DHotspot: no","MutationAssessor: impact: medium, score: 3.325;SIFT: impact: deleterious, score: 0;Polyphen-2: impact: probably_damaging, score: 0.989","Missense_Mutation","SNP","Diploid",2,"SOMATIC","Unknown","MSKCC",12,25378558,25378558,"T","G","12:g.25378558T>G","ENST00000311936.3:c.440A>C",0.16,NA,65,338,NA,421,249,"4/5",NA,"",NA,NA,NA,NA,NA,NA,"",NA,NA,NA,"",NA,NA,NA,NA,"",NA,NA,NA,NA,NA,"","",NA,"",NA,"","Liver",0,"IMPACT341",NA,"","","","",NA,NA,NA,NA,NA,NA,NA,"","","",0.31,"",NA,"COADREAD",31.6,"0:LIVING",NA,"",NA,"","","","","",NA,NA,"","","Sigmoid Colon","",NA,"","",NA,NA,NA,1,NA,"Metastasis","Male","Matched","","","","",NA,"",276.179669849,NA,NA,"Living",NA,"","","MSS",NA,"","","","","",NA,"",NA,"",NA,"",NA,"","","","","","","",NA,NA,NA,NA,NA,NA,NA,NA,NA,NA,NA,"",NA,NA,"",NA,"","","","","","","",NA,NA,"","","",NA,"","",NA,NA,NA,NA,"",NA,NA,"","","",NA,NA,"",NA,"",NA,"","",NA,NA,NA,"",NA,NA,NA,NA,NA,NA,NA,"","","",NA,NA,NA,"",NA,NA,NA,"",NA,"",NA,NA,"","","","",NA,"","","","",NA,"","","","","",NA,NA,"","",NA,"",NA,"",NA,NA,"",NA,"","","",NA,"","","","",NA,"",NA,"","","",NA,"","",NA,"",NA,"","",NA,"",NA,"","","","","","","","","",45,"",NA,NA,"",NA,"",NA,"",NA,"",NA,NA,"",NA,"",NA,"",NA,"","","","","","",NA,"Yes","mCRC Metastasis",1,"Liver",0,0,0,1,0,0,0,0,"Liver","POLE",NA,0,"","Left","Resection",26.5,8.6,"","",NA,"",NA,NA,"","","","",NA,NA,"","",NA,NA,NA,"","","",NA,"",NA,NA,NA,"",NA,NA,NA,NA,"",NA,NA,NA,NA,NA,NA,NA,NA,NA,NA,"",NA,NA,NA,NA,NA,NA,"",NA,NA,NA,NA,NA,NA,"","","",NA,NA,"",NA,NA,NA,NA,NA,NA,"",NA,NA,NA,NA,NA,NA,NA,NA,NA,NA,"","",NA,NA,"","","",NA,"","",NA,NA,NA,"","",NA,"","",NA,NA,NA,NA,NA,"",NA,"",NA,NA,NA,NA,"","P-0001215",147
"Colorectal Adenocarcinoma (DFCI, Cell Reports 2016)","coadread_dfci_2016_2269","Colorectal Cancer","Colorectal Adenocarcinoma","K170Q","OncoKB: Unknown, level NA, resistance NA;reVUE: no;CIViC: NA;MyCancerGenome: not present;CancerHotspot: no;3DHotspot: no","MutationAssessor: impact: neutral, score: 0.565;SIFT: impact: tolerated, score: 0.12;Polyphen-2: impact: benign, score: 0.023","Missense_Mutation","SNP","",NA,NA,NA,"dfci.harvard.edu",12,25368437,25368437,"T","G","12:g.25368437T>G","ENST00000311936.3:c.451-5592A>C",NA,NA,NA,NA,NA,NA,4328,"",NA,"",NA,NA,73,NA,NA,NA,"",NA,NA,NA,"",NA,NA,NA,NA,"",NA,NA,NA,NA,NA,"","",NA,"",NA,"","",NA,"",NA,"","","","",NA,NA,NA,NA,NA,NA,NA,"","","",NA,"",NA,"COADREAD",NA,"",NA,"",NA,"","","","","",NA,NA,"","","","",NA,"","",NA,NA,NA,1,NA,"","Male","Matched","","","","",NA,"",144.1333333,NA,60,"",NA,"","CIMP-0/low","MSS",0,"Well-Moderate","Splenic Flexure To Sigmoid Colon","I","","",NA,"",NA,"",NA,"",NA,"","","","","","","",NA,NA,NA,NA,NA,NA,NA,NA,NA,NA,NA,"",NA,NA,"",NA,"","","","","","","",NA,NA,"","","",NA,"","",NA,NA,NA,NA,"",NA,NA,"","","",NA,NA,"",NA,"",NA,"","",NA,NA,NA,"",NA,NA,NA,NA,NA,NA,NA,"","","",NA,NA,NA,"",NA,NA,NA,"",NA,"",NA,NA,"","","","",NA,"","","","",NA,"","","","","",NA,NA,"","",NA,"",NA,"",NA,NA,"",NA,"","","",NA,"","","","",NA,"",NA,"","","",NA,"","",NA,"",NA,"","",NA,"",NA,"","","","","","","","","",NA,"",NA,NA,"",NA,"",NA,"",NA,"",NA,NA,"",NA,"",NA,"",NA,"","","","","","",NA,"","",NA,"",NA,NA,NA,NA,NA,NA,NA,NA,"","",NA,NA,"","","",NA,NA,"","",NA,"",NA,NA,"","","","",NA,NA,"","",NA,NA,NA,"","","",NA,"",NA,NA,NA,"",NA,NA,NA,NA,"",NA,NA,NA,NA,NA,NA,NA,NA,NA,NA,"",NA,NA,NA,NA,NA,NA,"",NA,NA,NA,NA,NA,NA,"","","",NA,NA,"",NA,NA,NA,NA,NA,NA,"",NA,NA,NA,NA,NA,NA,NA,NA,NA,NA,"","",NA,NA,"","","",NA,"","",NA,NA,NA,"","",NA,"","",NA,NA,NA,NA,NA,"",NA,"",NA,NA,NA,NA,"","coadread_dfci_2016_2269",170
"Metastatic Colorectal Cancer (MSK, Cancer Cell 2018)","P-0006612-T01-IM5","Colorectal Cancer","Colorectal Adenocarcinoma","D57N","OncoKB: Unknown, level NA, resistance NA;reVUE: no;CIViC: NA;MyCancerGenome: not present;CancerHotspot: no;3DHotspot: no","MutationAssessor: impact: high, score: 4.345;SIFT: impact: deleterious, score: 0;Polyphen-2: impact: probably_damaging, score: 0.992","Missense_Mutation","SNP","Diploid",3,"SOMATIC","Unknown","MSKCC",12,25380289,25380289,"C","T","12:g.25380289C>T","ENST00000311936.3:c.169G>A",0.22,NA,155,558,NA,533,361,"3/5",NA,"",NA,NA,NA,NA,NA,NA,"",NA,NA,NA,"",NA,NA,NA,NA,"",NA,NA,NA,NA,NA,"","",NA,"",NA,"","",6e-04,"IMPACT410",NA,"","","","",NA,NA,NA,NA,NA,NA,NA,"","","",1.44,"",NA,"COADREAD",NA,"0:LIVING",NA,"",NA,"","","","","",NA,NA,"","","Cecum","",NA,"","",NA,NA,NA,1,NA,"Primary","Female","Matched","","","","",NA,"",349.402932048,NA,NA,"Living",NA,"","","MSS",NA,"","","","","",NA,"",NA,"",NA,"",NA,"","","","","","","",NA,NA,NA,NA,NA,NA,NA,NA,NA,NA,NA,"",NA,NA,"",NA,"","","","","","","",NA,NA,"","","",NA,"","",NA,NA,NA,NA,"",NA,NA,"","","",NA,NA,"",NA,"",NA,"","",NA,NA,NA,"",NA,NA,NA,NA,NA,NA,NA,"","","",NA,NA,NA,"",NA,NA,NA,"",NA,"",NA,NA,"","","","",NA,"","","","",NA,"","","","","",NA,NA,"","",NA,"",NA,"",NA,NA,"",NA,"","","",NA,"","","","",NA,"",NA,"","","",NA,"","",NA,"",NA,"","",NA,"",NA,"","","","","","","","","",70,"",NA,NA,"",NA,"",NA,"",NA,"",NA,NA,"",NA,"",NA,"",NA,"","","","","","",NA,"No","Early Stage Primary",0,"",0,0,0,0,0,0,0,0,"","POLE",18.67,0,"Mod-Poorly-Diff","Right","Resection",NA,NA,"Mucinous","",NA,"",NA,NA,"","","","",NA,NA,"","",NA,NA,NA,"","","",NA,"",NA,NA,NA,"",NA,NA,NA,NA,"",NA,NA,NA,NA,NA,NA,NA,NA,NA,NA,"",NA,NA,NA,NA,NA,NA,"",NA,NA,NA,NA,NA,NA,"","","",NA,NA,"",NA,NA,NA,NA,NA,NA,"",NA,NA,NA,NA,NA,NA,NA,NA,NA,NA,"","",NA,NA,"","","",NA,"","",NA,NA,NA,"","",NA,"","",NA,NA,NA,NA,NA,"",NA,"",NA,NA,NA,NA,"","P-0006612",57
"Metastatic Colorectal Cancer (MSK, Cancer Cell 2018)","P-0010499-T01-IM5","Colorectal Cancer","Colorectal Adenocarcinoma","D57N","OncoKB: Unknown, level NA, resistance NA;reVUE: no;CIViC: NA;MyCancerGenome: not present;CancerHotspot: no;3DHotspot: no","MutationAssessor: impact: high, score: 4.345;SIFT: impact: deleterious, score: 0;Polyphen-2: impact: probably_damaging, score: 0.992","Missense_Mutation","SNP","Diploid",3,"SOMATIC","Unknown","MSKCC",12,25380289,25380289,"C","T","12:g.25380289C>T","ENST00000311936.3:c.169G>A",0.14,NA,124,774,NA,297,156,"3/5",NA,"",NA,NA,NA,NA,NA,NA,"",NA,NA,NA,"",NA,NA,NA,NA,"",NA,NA,NA,NA,NA,"","",NA,"",NA,"","Bone, Stomach, Pancreas, Spleen, Peritoneum",0.0051,"IMPACT410",NA,"","","","",NA,NA,NA,NA,NA,NA,NA,"","","",0,"",NA,"COADREAD",8.6,"1:DECEASED",NA,"",NA,"","","","","",NA,NA,"","","Transverse Colon","",NA,"","",NA,NA,NA,1,NA,"Primary","Male","Matched","","","","",NA,"",151.70155313,NA,NA,"Deceased",NA,"","","MSI",NA,"","","","","",NA,"",NA,"",NA,"",NA,"","","","","","","",NA,NA,NA,NA,NA,NA,NA,NA,NA,NA,NA,"",NA,NA,"",NA,"","","","","","","",NA,NA,"","","",NA,"","",NA,NA,NA,NA,"",NA,NA,"","","",NA,NA,"",NA,"",NA,"","",NA,NA,NA,"",NA,NA,NA,NA,NA,NA,NA,"","","",NA,NA,NA,"",NA,NA,NA,"",NA,"",NA,NA,"","","","",NA,"","","","",NA,"","","","","",NA,NA,"","",NA,"",NA,"",NA,NA,"",NA,"","","",NA,"","","","",NA,"",NA,"","","",NA,"","",NA,"",NA,"","",NA,"",NA,"","","","","","","","","",63,"",NA,NA,"",NA,"",NA,"",NA,"",NA,NA,"",NA,"",NA,"",NA,"","","","","","",NA,"No","mCRC Primary",0,"",1,0,0,0,0,0,0,1,"","POLE",NA,1,"","Left","Biopsy",2.366666667,6.166666667,"","",NA,"",NA,NA,"","","","",NA,NA,"","",NA,NA,NA,"","","",NA,"",NA,NA,NA,"",NA,NA,NA,NA,"",NA,NA,NA,NA,NA,NA,NA,NA,NA,NA,"",NA,NA,NA,NA,NA,NA,"",NA,NA,NA,NA,NA,NA,"","","",NA,NA,"",NA,NA,NA,NA,NA,NA,"",NA,NA,NA,NA,NA,NA,NA,NA,NA,NA,"","",NA,NA,"","","",NA,"","",NA,NA,NA,"","",NA,"","",NA,NA,NA,NA,NA,"",NA,"",NA,NA,NA,NA,"","P-0010499",57
"Metastatic Colorectal Cancer (MSK, Cancer Cell 2018)","P-0001808-T01-IM3","Colorectal Cancer","Colorectal Adenocarcinoma","T144P","OncoKB: Unknown, level NA, resistance NA;reVUE: no;CIViC: NA;MyCancerGenome: not present;CancerHotspot: no;3DHotspot: no","MutationAssessor: impact: high, score: 3.84;SIFT: impact: deleterious, score: 0;Polyphen-2: impact: probably_damaging, score: 0.98","Missense_Mutation","SNP","Diploid",NA,"SOMATIC","Unknown","MSKCC",12,25378568,25378568,"T","G","12:g.25378568T>G","ENST00000311936.3:c.430A>C",0.15,NA,190,1044,NA,326,160,"4/5",NA,"",NA,NA,NA,NA,NA,NA,"",NA,NA,NA,"",NA,NA,NA,NA,"",NA,NA,NA,NA,NA,"","",NA,"",NA,"","Lymph Nodes",0.0259,"IMPACT341",NA,"","","","",NA,NA,NA,NA,NA,NA,NA,"","","",0,"",NA,"COADREAD",56.47,"0:LIVING",NA,"",NA,"","","","","",NA,NA,"","","Cecum","",NA,"","",NA,NA,NA,1,NA,"Metastasis","Male","Matched","","","","",NA,"",176.355692795,NA,NA,"Living",NA,"","","MSS",NA,"","","","","",NA,"",NA,"",NA,"",NA,"","","","","","","",NA,NA,NA,NA,NA,NA,NA,NA,NA,NA,NA,"",NA,NA,"",NA,"","","","","","","",NA,NA,"","","",NA,"","",NA,NA,NA,NA,"",NA,NA,"","","",NA,NA,"",NA,"",NA,"","",NA,NA,NA,"",NA,NA,NA,NA,NA,NA,NA,"","","",NA,NA,NA,"",NA,NA,NA,"",NA,"",NA,NA,"","","","",NA,"","","","",NA,"","","","","",NA,NA,"","",NA,"",NA,"",NA,NA,"",NA,"","","",NA,"","","","",NA,"",NA,"","","",NA,"","",NA,"",NA,"","",NA,"",NA,"","","","","","","","","",54,"",NA,NA,"",NA,"",NA,"",NA,"",NA,NA,"",NA,"",NA,"",NA,"","","","","","",NA,"Yes","mCRC Metastasis",0,"",0,0,0,0,1,0,0,0,"Lymph Node","POLE",NA,0,"Mod_Diff","Right","Biopsy",28.1,13.56666667,"Conventional","",NA,"",NA,NA,"","","","",NA,NA,"","",NA,NA,NA,"","","",NA,"",NA,NA,NA,"",NA,NA,NA,NA,"",NA,NA,NA,NA,NA,NA,NA,NA,NA,NA,"",NA,NA,NA,NA,NA,NA,"",NA,NA,NA,NA,NA,NA,"","","",NA,NA,"",NA,NA,NA,NA,NA,NA,"",NA,NA,NA,NA,NA,NA,NA,NA,NA,NA,"","",NA,NA,"","","",NA,"","",NA,NA,NA,"","",NA,"","",NA,NA,NA,NA,NA,"",NA,"",NA,NA,NA,NA,"","P-0001808",144
"Colorectal Cancer (MSK, Gastroenterology 2020)","P-0010499-T01-IM5","Colorectal Cancer","Colon Adenocarcinoma","D57N","OncoKB: Unknown, level NA, resistance NA;reVUE: no;CIViC: NA;MyCancerGenome: not present;CancerHotspot: no;3DHotspot: no","MutationAssessor: impact: high, score: 4.345;SIFT: impact: deleterious, score: 0;Polyphen-2: impact: probably_damaging, score: 0.992","Missense_Mutation","SNP","Diploid",3,"SOMATIC","Unknown","MSKCC",12,25380289,25380289,"C","T","12:g.25380289C>T","ENST00000311936.3:c.169G>A",0.14,NA,124,774,NA,297,156,"3/5",NA,"",NA,NA,NA,NA,NA,NA,"",NA,NA,NA,"",NA,NA,NA,NA,"",NA,NA,NA,NA,NA,"","Poorly differentiated",NA,"",NA,"","",0.0051,"",NA,"","","","",NA,NA,NA,NA,NA,NA,NA,"","","",0,"Stable",NA,"COAD",6.4,"1:DECEASED",NA,"",NA,"","","","","",NA,NA,"","","","",NA,"","",NA,NA,NA,1,NA,"","Male","Matched","","","","",NA,"",151.7015531,NA,NA,"",NA,"","","",NA,"","","","","",NA,"",NA,"",NA,"",NA,"","","","","","","",NA,NA,NA,NA,NA,NA,NA,NA,NA,NA,NA,"",NA,NA,"",NA,"","","","","","","",NA,NA,"","","",NA,"","",NA,NA,NA,NA,"",NA,NA,"","","",NA,NA,"",NA,"",NA,"","",NA,NA,NA,"",NA,NA,NA,NA,NA,NA,NA,"","","",NA,NA,NA,"",NA,NA,NA,"",NA,"",NA,NA,"","","","",3.8,"1:PROGRESSED","","","",NA,"","","","","",NA,NA,"","",NA,"",NA,"",NA,NA,"",NA,"","","",NA,"","","Adenoca","",NA,"",NA,"","","",NA,"","",NA,"",65,"","No",1,"Fluropyrimidine + irinotecan +/-Bev",NA,"No","Yes","No","No","Yes","No","Metachronous","Left","No",NA,"",NA,NA,"",NA,"",NA,"",NA,"",NA,NA,"",NA,"",NA,"",NA,"","","","","","",NA,"","",NA,"",NA,NA,NA,NA,NA,NA,NA,NA,"","",NA,NA,"","","",NA,NA,"","",NA,"",NA,NA,"","","","",NA,NA,"","",NA,NA,NA,"","","",NA,"",NA,NA,NA,"",NA,NA,NA,NA,"",NA,NA,NA,NA,NA,NA,NA,NA,NA,NA,"",NA,NA,NA,NA,NA,NA,"",NA,NA,NA,NA,NA,NA,"","","",NA,NA,"",NA,NA,NA,NA,NA,NA,"",NA,NA,NA,NA,NA,NA,NA,NA,NA,NA,"","",NA,NA,"","","",NA,"","",NA,NA,NA,"","",NA,"","",NA,NA,NA,NA,NA,"",NA,"",NA,NA,NA,NA,"","P-0010499",57
