"MutationType","SpectraVals"
"A[C>A]A",0.00507624350013995
"A[C>A]C",0.00363115787662091
"A[C>A]G",0.000878561174238328
"A[C>A]T",0.00487927070810419
"A[C>G]A",0.00567386881638739
"A[C>G]C",0.00237725091240342
"A[C>G]G",0.000793396202307272
"A[C>G]T",0.00493283714609884
"A[C>T]A",0.0447091432087669
"A[C>T]C",0.0136184022509382
"A[C>T]G",0.0607174577528444
"A[C>T]T",0.0193026077309785
"A[T>A]A",0.00453079620930225
"A[T>A]C",0.00415389248017378
"A[T>A]G",0.00365134844779676
"A[T>A]T",0.0130868539283731
"A[T>C]A",0.0297469456744587
"A[T>C]C",0.0085586991883563
"A[T>C]G",0.0275238892458815
"A[T>C]T",0.0174960370516415
"A[T>G]A",0.00204236397903691
"A[T>G]C",0.00116907148277752
"A[T>G]G",0.00292491458522778
"A[T>G]T",0.00320416802761328
"C[C>A]A",0.00672405598379209
"C[C>A]C",0.0124590223669805
"C[C>A]G",0.00242003398745099
"C[C>A]T",0.0325326829792345
"C[C>G]A",0.00241181364534449
"C[C>G]C",0.00323591858370766
"C[C>G]G",0.000926947307281401
"C[C>G]T",0.00342479593168892
"C[C>T]A",0.00983606262205087
"C[C>T]C",0.009176520111966
"C[C>T]G",0.0382522093405586
"C[C>T]T",0.0128814667831581
"C[T>A]A",0.00172296295128783
"C[T>A]C",0.00335793454651963
"C[T>A]G",0.00205505757340301
"C[T>A]T",0.00234049760441243
"C[T>C]A",0.0136152273707046
"C[T>C]C",0.00751903196697722
"C[T>C]G",0.0238329701349395
"C[T>C]T",0.0132130871373561
"C[T>G]A",0.00106238352321774
"C[T>G]C",0.00276560331395223
"C[T>G]G",0.00369689347397653
"C[T>G]T",0.00368937678712245
"G[C>A]A",0.00392700466666336
"G[C>A]C",0.00432561903111705
"G[C>A]G",0.00107756687388064
"G[C>A]T",0.00747938405894169
"G[C>G]A",0.00199100573787908
"G[C>G]C",0.00233923810408157
"G[C>G]G",0.000655789768004516
"G[C>G]T",0.00288149767515379
"G[C>T]A",0.0433300879203923
"G[C>T]C",0.0441003288478701
"G[C>T]G",0.071480789366088
"G[C>T]T",0.0340754810359442
"G[T>A]A",0.00191418294948817
"G[T>A]C",0.00188353865805249
"G[T>A]G",0.00230493981836406
"G[T>A]T",0.00276805988347819
"G[T>C]A",0.020608058315363
"G[T>C]C",0.0061663457053826
"G[T>C]G",0.0164907644585717
"G[T>C]T",0.0128689072634484
"G[T>G]A",0.00104656327595354
"G[T>G]C",0.00071891012368581
"G[T>G]G",0.00208582061832444
"G[T>G]T",0.00240211591286817
"T[C>A]A",0.00538124384578683
"T[C>A]C",0.00461903251795045
"T[C>A]G",0.000790005129282077
"T[C>A]T",0.0105502939887115
"T[C>G]A",0.00305877234465311
"T[C>G]C",0.00279183385876116
"T[C>G]G",0.000677927283368539
"T[C>G]T",0.00620486903892736
"T[C>T]A",0.0103095376016761
"T[C>T]C",0.0104904466450379
"T[C>T]G",0.0215137928322071
"T[C>T]T",0.0107720929066852
"T[T>A]A",0.00547921114916654
"T[T>A]C",0.00212396095883184
"T[T>A]G",0.00192647096426833
"T[T>A]T",0.00964240678607793
"T[T>C]A",0.0158606009780916
"T[T>C]C",0.0115499476581675
"T[T>C]G",0.0126959125325729
"T[T>C]T",0.0361189106505072
"T[T>G]A",0.00207158372435129
"T[T>G]C",0.00259898687646364
"T[T>G]G",0.00324611527463508
"T[T>G]T",0.0167723107772708
