"Context","Count"
"AAA",112862831
"AAC",43693288
"AAG",58641938
"AAT",72893003
"ACA",59527657
"ACC",33895108
"ACG",7617158
"ACT",47642405
"AGA",65793697
"AGC",41212528
"AGG",51899263
"AGT",47582858
"ATA",60513326
"ATC",39229810
"ATG",53790479
"ATT",73588183
"CAA",55422500
"CAC",44163305
"CAG",60006658
"CAT",54091307
"CCA",53494369
"CCC",38167464
"CCG",8061793
"CCT",52054058
"CGA",6552276
"CGC",7052073
"CGG",8267247
"CGT",7671914
"CTA",37792090
"CTC",49654553
"CTG",59247748
"CTT",59543075
"GAA",59276178
"GAC",27840902
"GAG",49750052
"GAT",39721665
"GCA",42639062
"GCC",34610622
"GCG",7109645
"GCT",40807501
"GGA",46248968
"GGC",34588498
"GGG",38281080
"GGT",33900688
"GTA",33375693
"GTC",27566603
"GTG",44761889
"GTT",43350911
"TAA",60529521
"TAC",32984843
"TAG",38089589
"TAT",60415795
"TCA",58022670
"TCC",45104477
"TCG",6754921
"TCT",65733499
"TGA",57993829
"TGC",42313750
"TGG",54571649
"TGT",59899653
"TTA",60338643
"TTC",59164762
"TTG",56978758
"TTT",114273010
